rawMtrl,allergy,isCrossReact,probablility
꽃게추출물,게,false,null
꽃게추출물분말,게,false,null
게농축액분말,게,false,null
붉은대게농축액,게,false,null
꽃게농축액,게,false,null
게농축액,게,false,null
게농축액분말,게,false,null
꽃게짬뽕해물건더기,게,false,null
가라아게배터믹스,게,false,null
가라아게염지제,게,false,null
콜라겐게이싱,게,false,null
붉은대게농축분말,게,false,null
스파게티소스분말,게,false,null
붉은대게살,게,false,null
게살오므라이스,게,false,null
믹스넛투게더,게,false,null
토마토스파게티소스,게,false,null
가라게알파믹스,게,false,null
부대찌게향미유,게,false,null
게맛살조미후레이크,게,false,null
동결건조스파게티면,게,false,null
붉은대게농축액,게,false,null
홍게,게,false,null
꽃게추출물,게,false,null
붉은대게자숙액,게,false,null
튀긴꽃게오일,게,false,null
스파게티,게,false,null
게맛살,게,false,null
스파게티소스,게,false,null
게엑기스,게,false,null
붉은대게엑기스,게,false,null
게엑기스분말,게,false,null
쓰리인원내츄럴믹스게향,게,false,null
크림스파게티베이스,게,false,null
페스토스파게티야채건더기,게,false,null
게라닐아세테이트,게,false,null
붉은대게농축페이스트,게,false,null
꽃게탕분말스프,게,false,null
일동락토바실루스스포로게네스,게,false,null
게랑드천일염,게,false,null
냉동붉은대게살,게,false,null
구운꽃게엑기스,게,false,null
꽃게씨즈닝분말,게,false,null
스파게티면,게,false,null
홍게살,게,false,null
토마토스파게티소스분말,게,false,null
홍게다리살,게,false,null
동결건조토마토스파게티,게,false,null
꽃게엑기스,게,false,null
마르게리타다이스토마토,게,false,null
멍게,게,false,null
울진붉은대게,게,false,null
대게페이스트,게,false,null
부대찌게맛분말,게,false,null
게향,게,false,null
홍게맛살,게,false,null
콘베리게이트,게,false,null
크림스파게티분말,게,false,null
조미게엑기스분말,게,false,null
게추출농축액,게,false,null
꽃게,게,false,null
짜파게티맛시즈닝,게,false,null
꽃게농축액,게,false,null
다시마게,게,false,null
투게더클래식,게,false,null
게란후레이크,게,false,null
홍게엑기스분말,게,false,null
가라아게믹스므,게,false,null
치킨엑게스,게,false,null
꽃게짬뽕,게,false,null
꽃게베이스,게,false,null
유게놀,게,false,null
말토게닉아밀라아제,게,false,null
붉은대게다리살,게,false,null
크림스파게티소스,게,false,null
꽃게풍미베이스,게,false,null
칠리토마토스파게티소스,게,false,null
게농축액,게,false,null
게,게,false,null
유화게,게,false,null
게다리살,게,false,null
게라나올,게,false,null
꽃게풍미유,게,false,null
꽃게탕액상스프,게,false,null
게엑기스엔엠,게,false,null
꽃게탕면건더기,게,false,null
생강엑게스분말,게,false,null
가라아게배터,게,false,null
레드가라게믹스,게,false,null
스파게티용믹스,게,false,null
꽃게추출물분말,게,false,null
냉동게,게,false,null
스파게티소스시즈닝믹스,게,false,null
게랑드소금,게,false,null
고등어함유,고등어,false,null
고등어추출액,고등어,false,null
고등어추출물,고등어,false,null
고등어,고등어,false,null
고등어엑기스,고등어,false,null
알함유가공품,난류,false,null
메추리알,난류,false,null
메추리알모양후레이크,난류,false,null
깐메추리알,난류,false,null
누리웰깐메추리알,난류,false,null
달걀,난류,false,null
가당난황분말,난류,false,null
난황분말,난류,false,null
냉동난황,난류,false,null
가당난황분말,난류,false,null
난황액피엘,난류,false,null
난황파우더,난류,false,null
난황색,난류,false,null
가당난황액,난류,false,null
난황분,난류,false,null
난황립,난류,false,null
난황액,난류,false,null
가당난황,난류,false,null
계란난황립,난류,false,null
난황,난류,false,null
유정가염난황,난류,false,null
난황오일,난류,false,null
난황분말,난류,false,null
가염난황액,난류,false,null
난황액에스,난류,false,null
가염난황,난류,false,null
유기농난황액,난류,false,null
난황액오티,난류,false,null
난백백분말,난류,false,null
동결난백,난류,false,null
난백파우더,난류,false,null
난백가루,난류,false,null
난백파우다,난류,false,null
분말난백,난류,false,null
냉동난백,난류,false,null
난백분말,난류,false,null
난백액,난류,false,null
유난백,난류,false,null
난백,난류,false,null
난백류,난류,false,null
글리신분말난백,난류,false,null
살균난백액,난류,false,null
대두난백,난류,false,null
난백분,난류,false,null
난류함유,난류,false,null
난각칼슘,난류,false,null
난각칼슘정제염,난류,false,null
난각칼슘분말,난류,false,null
계란함유,난류,false,null
국내산계란,난류,false,null
누리웰깐계란,난류,false,null
삶은계란,난류,false,null
계란찜분말,난류,false,null
계란,난류,false,null
계란맛어포,난류,false,null
유기농계란,난류,false,null
계란스크램블,난류,false,null
계란노른자,난류,false,null
땅콩계란,난류,false,null
무항생제계란,난류,false,null
계란후레이크,난류,false,null
계란블럭,난류,false,null
계란말이후레이크,난류,false,null
계란난황립,난류,false,null
계란흰자분말,난류,false,null
계란흰자,난류,false,null
계란지단,난류,false,null
계란구이,난류,false,null
계란자숙액,난류,false,null
계란흰지분말,난류,false,null
계란고명,난류,false,null
계란과립,난류,false,null
월계잎,난류,false,null
월계수,난류,false,null
국내산계란,난류,false,null
삼계탕베이스분말,난류,false,null
오골계,난류,false,null
삼계탕용,난류,false,null
삼계탕육수농축액,난류,false,null
계량메주발효물,난류,false,null
누리웰깐계란,난류,false,null
계피생강곶감혼합추출액,난류,false,null
계피향,난류,false,null
계피추출액,난류,false,null
삶은계란,난류,false,null
삼계탕용육수,난류,false,null
계란찜분말,난류,false,null
월계수분말,난류,false,null
계피추출물,난류,false,null
계란,난류,false,null
삼계탕맛시즈닝,난류,false,null
계피가루,난류,false,null
계정육,난류,false,null
육계,난류,false,null
계란맛어포,난류,false,null
유기농계란,난류,false,null
삼계소스,난류,false,null
계향,난류,false,null
계란스크램블,난류,false,null
계란노른자,난류,false,null
땅콩계란,난류,false,null
계분쇄육,난류,false,null
계피농축추출물,난류,false,null
계육,난류,false,null
제빵계량제,난류,false,null
월계수잎분말,난류,false,null
월계수잎분,난류,false,null
무항생제계란,난류,false,null
계란후레이크,난류,false,null
계,난류,false,null
기계발골육,난류,false,null
월계,난류,false,null
계란블럭,난류,false,null
계피분말,난류,false,null
월계수분,난류,false,null
계피,난류,false,null
계란말이후레이크,난류,false,null
계피농축액,난류,false,null
계피혼합믹스,난류,false,null
계피분,난류,false,null
계란난황립,난류,false,null
계란흰자분말,난류,false,null
계피엑기스분말,난류,false,null
삼계탕소스,난류,false,null
계육액분말,난류,false,null
계란흰자,난류,false,null
월계수잎,난류,false,null
계란지단,난류,false,null
월계수잎가루,난류,false,null
계피엑기스레진,난류,false,null
계란구이,난류,false,null
삼계닭,난류,false,null
초계엑기스,난류,false,null
계란자숙액,난류,false,null
계육추출물,난류,false,null
계피엑기스,난류,false,null
계란흰지분말,난류,false,null
계지,난류,false,null
계란고명,난류,false,null
계란과립,난류,false,null
계량메주된장,난류,false,null
게란후레이크,난류,false,null
치킨본엑스,null,0,null
치킨본엑기스,null,0,null
치킨본추출액,null,0,null
치킨본육추출물,null,0,null
치킨본베이스,null,0,null
닭뼈,null,0,null
닭고기향가루,null,0,null
유기농닭고기,null,0,null
닭고기추출농축액,null,0,null
닭고기정육,null,0,null
조미닭고기후레이크,null,0,null
닭고기맛분말씨즈닝,null,0,null
닭고기향가루,null,0,null
닭고기분쇄육,null,0,null
닭고기살,null,0,null
닭고기맛분말시즈닝,null,0,null
닭고기고명,null,0,null
닭고기향,null,0,null
액상스프중닭고기함량,null,0,null
닭고기분해액,null,0,null
닭고기조미분말,null,0,null
닭고기지방,null,0,null
국산닭고기,null,0,null
조미닭고기후레이트,null,0,null
닭고기안심,null,0,null
농축닭고기부용,null,0,null
마이일반응된닭고기향,null,0,null
닭고기진육,null,0,null
닭고기우엉덮밥,null,0,null
베베닭고기,null,0,null
닭고기,null,0,null
닭고기맛베이스,null,0,null
무항생제닭고기,null,0,null
닭가슴살복합시즈닝,null,0,null
발효닭가슴살,null,0,null
굽네닭가슴살오리지널씨즈닝,null,0,null
국내산닭가슴살,null,0,null
국내산닭가슴살정육,null,0,null
조미닭가슴살후레이크,null,0,null
닭가슴살용염지제,null,0,null
닭가슴살정육,null,0,null
닭가슴살순양념,null,0,null
닭가슴살분말,null,0,null
무항생제닭가슴살,null,0,null
닭가슴살,null,0,null
힘닭가슴살,null,0,null
그릴닭가슴살용염지제,null,0,null
갈릭닭가슴살용염지제,null,0,null
아임닭가슴살시즈닝,null,0,null
닭,null,0,null
아임닭,null,0,null
즉석닭육수,null,0,null
닭추출농축베이스,null,0,null
화끈한불닭소스,null,0,null
닭똥집,null,0,null
통닭,null,0,null
닭뼈,null,0,null
유기농닭고기,null,0,null
닭염통,null,0,null
닭강정시즈닝믹스,null,0,null
닭추출액,null,0,null
닭고기추출농축액,null,0,null
무뼈닭발,null,0,null
닭고기정육,null,0,null
조미닭고기후레이크,null,0,null
안동식찜닭소스,null,0,null
불닭맛씨즈닝,null,0,null
닭고기맛분말씨즈닝,null,0,null
닭고기향가루,null,0,null
닭자숙액,null,0,null
햇불닭소스,null,0,null
닭고기분쇄육,null,0,null
매운닭갈비소스,null,0,null
닭고기살,null,0,null
닭고기맛분말시즈닝,null,0,null
닭고기고명,null,0,null
닭가슴살복합시즈닝,null,0,null
발효닭가슴살,null,0,null
닭다리살,null,0,null
닭유수,null,0,null
닭육수,null,0,null
닭고기향,null,0,null
닭곱창,null,0,null
굽네닭가슴살오리지널씨즈닝,null,0,null
불닭맛씨즈닝에스와이,null,0,null
동해닭강정염지제,null,0,null
국내산닭가슴살,null,0,null
닭근위,null,0,null
국내산닭가슴살정육,null,0,null
닭발육수,null,0,null
조미닭가슴살후레이크,null,0,null
닭가슴살용염지제,null,0,null
삶은닭다리살,null,0,null
매콤불닭양념,null,0,null
닭발효소분해물,null,0,null
액상스프중닭고기함량,null,0,null
닭강정핫베이스,null,0,null
하림닭육수,null,0,null
불닭볶음맛씨즈닝,null,0,null
닭고기분해액,null,0,null
불오닭소스,null,0,null
통닭발,null,0,null
매콤닭발양념장,null,0,null
닭발,null,0,null
닭다리,null,0,null
불닭소스,null,0,null
치즈불닭맛씨즈닝,null,0,null
치즈불닭소스,null,0,null
아임닭카레,null,0,null
닭육수분말베이스,null,0,null
달콤한닭강정소스,null,0,null
닭고기조미분말,null,0,null
닭가슴살정육,null,0,null
닭안심,null,0,null
닭고기지방,null,0,null
닭가슴살순양념,null,0,null
국산닭고기,null,0,null
닭볶음탕양념,null,0,null
허닭시즈닝,null,0,null
하림닭육슈,null,0,null
닭간,null,0,null
닭가슴살분말,null,0,null
무뼈닭발양념,null,0,null
닭다리정육,null,0,null
닭강정맛소스,null,0,null
조미닭고기후레이트,null,0,null
매콤한닭강정소스,null,0,null
화끈불닭소스,null,0,null
닭갈비조미분,null,0,null
불닭볶음맛떡볶이시즈닝,null,0,null
삶은닭발,null,0,null
닭스킨,null,0,null
닭고기안심,null,0,null
닭정육,null,0,null
농축닭고기부용,null,0,null
아임닭소스,null,0,null
닭갈비용양념매운맛,null,0,null
아임닭프랑크소시지시즈닝,null,0,null
수비드닭다리살,null,0,null
불닭구이소스,null,0,null
닭조림양념장,null,0,null
닭갈비볶음,null,0,null
닭볶음소스,null,0,null
마이일반응된닭고기향,null,0,null
닭고기진육,null,0,null
닭고기우엉덮밥,null,0,null
닭육수농축액,null,0,null
닭발발,null,0,null
삼계닭,null,0,null
닭강정파우더,null,0,null
닭갈비맛양념장,null,0,null
무항생제닭가슴살,null,0,null
닭강정소스,null,0,null
닭가슴살,null,0,null
힘닭가슴살,null,0,null
찜닭소스,null,0,null
닭백숙분말,null,0,null
진한닭육수,null,0,null
닭살,null,0,null
닭갈비맛분말,null,0,null
그릴닭가슴살용염지제,null,0,null
핵불닭볶음면소스,null,0,null
비비고닭곰탕육수,null,0,null
닭날개,null,0,null
국물진한닭발육수,null,0,null
닭육수분말,null,0,null
베베닭고기,null,0,null
닭고기,null,0,null
조미닭후레이크,null,0,null
갈릭닭가슴살용염지제,null,0,null
닭고기맛베이스,null,0,null
닭다리형펠렛,null,0,null
아임닭가슴살시즈닝,null,0,null
무항생제닭고기,null,0,null
닭갈비소스,null,0,null
대두함유,대두,false,null
유기농탈지대두,대두,false,null
탈지대두후레이크,대두,false,null
탈지대두단백,대두,false,null
탈지대두분,대두,false,null
알피탈지대두분,대두,false,null
탈지대두분말,대두,false,null
알파탈지대두분,대두,false,null
볶음탈지대두분,대두,false,null
탈지대두인도산,대두,false,null
탈지대두,대두,false,null
분리대두단백,대두,false,null
분리대두단백너겟,대두,false,null
대두이소플라본,대두,false,null
대듀,대두,false,null
대두함유,대두,false,null
대두포함,대두,false,null
부분경화대두유,대두,false,null
정제대두유,대두,false,null
대두유,대두,false,null
경화대두유,대두,false,null
대두유액,대두,false,null
유기농대두유,대두,false,null
유기대두유,대두,false,null
대두유혼합제제,대두,false,null
대두볼,대두,false,null
부분경화대두유,대두,false,null
볶음대두분,대두,false,null
수용성대두다당류,대두,false,null
대두분등,대두,false,null
대두액,대두,false,null
조직농축대두단백,대두,false,null
대두재래된장,대두,false,null
대두단백분발,대두,false,null
대두응고제,대두,false,null
대두다낵,대두,false,null
대두단백후레이크,대두,false,null
대두형,대두,false,null
미트프로엠대두단백,대두,false,null
조미대두단백,대두,false,null
대두산백,대두,false,null
대두함유,대두,false,null
찐대두분,대두,false,null
대두조직단백,대두,false,null
대두인지질,대두,false,null
조직화대두단백,대두,false,null
콩단백발효액대두,대두,false,null
발효대두추출혼합분말,대두,false,null
유기농탈지대두,대두,false,null
찐대두분말,대두,false,null
대두분리단백,대두,false,null
탈지대두후레이크,대두,false,null
탈지대두단백,대두,false,null
대두분리단백너겟,대두,false,null
대두고형분,대두,false,null
볶음대두분말,대두,false,null
대두화이바,대두,false,null
무농약대두분,대두,false,null
탈지대두분,대두,false,null
대두분,대두,false,null
분리대두단백,대두,false,null
대두콩,대두,false,null
정제대두유,대두,false,null
건조대두단백,대두,false,null
대두단백분말,대두,false,null
대두경화유,대두,false,null
알피탈지대두분,대두,false,null
무농약대두,대두,false,null
발효대두페이스트,대두,false,null
탈지대두분말,대두,false,null
미배아대두발효추출물,대두,false,null
대두너겟,대두,false,null
대두유,대두,false,null
양파대두단백,대두,false,null
대두에스테르화유,대두,false,null
대두추출물분말,대두,false,null
간장대두,대두,false,null
대두,대두,false,null
대두당백,대두,false,null
경화대두유,대두,false,null
알파탈지대두분,대두,false,null
대두다당,대두,false,null
농출대두단백,대두,false,null
대두유액,대두,false,null
대두볶음콩가루,대두,false,null
대두레시틴,대두,false,null
입자성대두단백,대두,false,null
가수분해대두단백,대두,false,null
대두분말,대두,false,null
대두식이섬유결정과당,대두,false,null
유기농대두,대두,false,null
농축대두단백월콘에스제이,대두,false,null
대두조직단백질,대두,false,null
조직대두단백,대두,false,null
대두펩타이드,대두,false,null
대두가루,대두,false,null
대두레시틴분말,대두,false,null
알파대두분,대두,false,null
대두화이버,대두,false,null
유기농대두유,대두,false,null
농추대두단백,대두,false,null
농축대두단백,대두,false,null
대두볶음분말,대두,false,null
대두난백,대두,false,null
대두식이섬유,대두,false,null
볶음탈지대두분,대두,false,null
대두리세틴,대두,false,null
입상대두단백,대두,false,null
가수분해대두단백질,대두,false,null
탈지대두인도산,대두,false,null
탈지대두,대두,false,null
유기대두유,대두,false,null
대두다당유,대두,false,null
대두이소플라본,대두,false,null
볶은대두분말,대두,false,null
대두류,대두,false,null
대두유혼합제제,대두,false,null
대두다당류,대두,false,null
분리대두단백너겟,대두,false,null
볶은대두분,대두,false,null
부리대두단백,대두,false,null
국산대두,대두,false,null
대두발효펩타이드,대두,false,null
대두단백,대두,false,null
발아적두,대두,false,null
적두설기,대두,false,null
적두,대두,false,null
타요견과,대두,false,null
콩발효맛내기진,대두,false,null
배합땅콩,대두,false,null
콩발효농축액,대두,false,null
김치맛콩나물분말,대두,false,null
분말콩국,대두,false,null
볶은검정콩,대두,false,null
땅콩향,대두,false,null
생콩가루,대두,false,null
튀김땅콩,대두,false,null
렌틸콩분말,대두,false,null
콩이온엿,대두,false,null
검은콩나또,대두,false,null
볶음분태땅콩,대두,false,null
볶은콩,대두,false,null
구운검은콩,대두,false,null
흰콩,대두,false,null
검은콩농축액,대두,false,null
땅콩가공분,대두,false,null
적강낭콩,대두,false,null
유기농콩,대두,false,null
완두콩꼬마새송이야채절임,대두,false,null
식물성콩발효베이스,대두,false,null
강남콩,대두,false,null
볶은콩가루,대두,false,null
로커스트콩검,대두,false,null
현미귀리퀴노아렌틸콩혼합분말,대두,false,null
볶음알땅콩,대두,false,null
약콩,대두,false,null
콩고물크림,대두,false,null
볶은콩눈,대두,false,null
동결건조완두콩,대두,false,null
콩고물호두,대두,false,null
콩향키베이스,대두,false,null
검정콩,대두,false,null
검정콩보리밥,대두,false,null
검은콩추출물,대두,false,null
콩단백발효물,대두,false,null
작두콩,대두,false,null
안동검은콩낫또,대두,false,null
밤콩,대두,false,null
검은콩분말,대두,false,null
검은콩향,대두,false,null
땅콩코팅분태,대두,false,null
땅콩유,대두,false,null
고추장용콩메주,대두,false,null
볶은콩향,대두,false,null
우리콩메주,대두,false,null
스키피땅콩버터,대두,false,null
땅콩가루,대두,false,null
조검정콩,대두,false,null
콩단백발효액대두,대두,false,null
구운땅콩,대두,false,null
랜틸콩분말,대두,false,null
자연숙성콩발효맛내기,대두,false,null
우리콩양조원액,대두,false,null
조미콩단백,대두,false,null
땅콩버터향,대두,false,null
콩초코스위트,대두,false,null
일반콩가루,대두,false,null
초코땅콩,대두,false,null
매실콩발효액,대두,false,null
강낭콩,대두,false,null
콩식용유,대두,false,null
유기농쥐눈이콩,대두,false,null
검은콩추출액,대두,false,null
하이올레익볶음땅콩,대두,false,null
볶음렌틸콩,대두,false,null
완두콩,대두,false,null
콩발효맛내기분말,대두,false,null
볶은렌틸콩가루,대두,false,null
콩나물추출농축액,대두,false,null
대두콩,대두,false,null
땅콩계란,대두,false,null
콩,대두,false,null
초코크림땅콩분말,대두,false,null
가염땅콩페이스트,대두,false,null
땅콩강정,대두,false,null
크리미땅콩버터,대두,false,null
알땅콩,대두,false,null
동결건조검은콩,대두,false,null
볶음땅콩,대두,false,null
국산콩된장,대두,false,null
땅콩오일,대두,false,null
국산콩가루,대두,false,null
발아약콩,대두,false,null
땅콩,대두,false,null
콩과당,대두,false,null
볶음콩베이스분말,대두,false,null
콩향,대두,false,null
메주콩,대두,false,null
콩발효추출분물,대두,false,null
콩가루,대두,false,null
구운렌틸콩,대두,false,null
이가네볶음콩가루,대두,false,null
땅콩볶음분,대두,false,null
볶음땅콩분말,대두,false,null
콩고물,대두,false,null
자연콩발효액,대두,false,null
렌즈콩,대두,false,null
땅콩혼합분말,대두,false,null
땅콩또는견과류가공품,대두,false,null
햇살콩국산두부,대두,false,null
구수한메주콩된장,대두,false,null
렌팅콩분말,대두,false,null
콩간장,대두,false,null
완두콩과립,대두,false,null
대두볶음콩가루,대두,false,null
콩단백분말,대두,false,null
콩고물가루,대두,false,null
코팅땅콩반태,대두,false,null
콩발효추출물분말,대두,false,null
완두콩퓨레,대두,false,null
콩기름,대두,false,null
녹차와사비완두콩,대두,false,null
호경콩단백,대두,false,null
해찬들콩발효메주된장,대두,false,null
콩나물추출물분말,대두,false,null
콩발효맛내기,대두,false,null
강낭콩앙금,대두,false,null
땅콩소보루,대두,false,null
국산콩메주,대두,false,null
렌틸콩생나또,대두,false,null
배합땅콩버터,대두,false,null
발아약콩분말,대두,false,null
건완두콩,대두,false,null
검은콩가루,대두,false,null
볶은렌틸콩,대두,false,null
땅콩분,대두,false,null
땅콩전지,대두,false,null
로커스트콩염,대두,false,null
로코스트콩검,대두,false,null
볶음콩가루,대두,false,null
병아리콩볶음,대두,false,null
렌탈콩,대두,false,null
땅콩맛크림,대두,false,null
새우땅콩볼,대두,false,null
땅콩분말,대두,false,null
율무땅콩,대두,false,null
국산콩두유액,대두,false,null
홍콩치킨베터,대두,false,null
커피땅콩분태,대두,false,null
동결건조검정콩,대두,false,null
콩비지,대두,false,null
조미콩단백분,대두,false,null
검정콩가루,대두,false,null
콩나물,대두,false,null
땅콩함유,대두,false,null
볶음땅콩반태,대두,false,null
냉동콩국물,대두,false,null
국산검은콩,대두,false,null
볶음렌틸콩분말,대두,false,null
탈지땅콩분말,대두,false,null
콩나물엑기스분말,대두,false,null
콩고물향,대두,false,null
열풍병아리콩,대두,false,null
국산콩,대두,false,null
약콩분말,대두,false,null
콩코드포도농축액,대두,false,null
검정콩고형분,대두,false,null
꿀탕콩,대두,false,null
볶은렌틸콩분말,대두,false,null
그린콩,대두,false,null
검정콩볶은분말,대두,false,null
쥐눈이콩,대두,false,null
흰강낭콩,대두,false,null
볶은콩향오일,대두,false,null
자연숙성콩발효액깊은맛,대두,false,null
자연숙성콩발효액,대두,false,null
홀레드렌틸콩분말,대두,false,null
로거스트콩검,대두,false,null
땅콩반태,대두,false,null
검은콩,대두,false,null
콩고물아몬드,대두,false,null
스키피땅콩버터크리미,대두,false,null
콩나물잡채,대두,false,null
검은콩보리밥,대두,false,null
로커스콩검,대두,false,null
강낭콩설기,대두,false,null
콩코드포도과즙으로,대두,false,null
그린콩씨,대두,false,null
리마콩,대두,false,null
이집트콩,대두,false,null
볶은콩초코코팅,대두,false,null
콩단백,대두,false,null
베베콩고기,대두,false,null
검은콩추출농축액,대두,false,null
볶음땅콩분태,대두,false,null
볶은검은콩분말,대두,false,null
식물성콩발효액,대두,false,null
볶은검정콩가루,대두,false,null
땅콩크림,대두,false,null
땅콩버터,대두,false,null
땅콩분태,대두,false,null
땅콩알갱이,대두,false,null
땅콩전지분,대두,false,null
볶음콩분말,대두,false,null
볶음콩가루분말,대두,false,null
콩나물장국분,대두,false,null
완두콩플레이크,대두,false,null
꿀땅콩,대두,false,null
발아강낭콩,대두,false,null
발효렌틸콩볶음분말,대두,false,null
볶음콩베이스,대두,false,null
강낭콩배기,대두,false,null
콩나물엑기스,대두,false,null
국산콩생나또,대두,false,null
천연땅콩향,대두,false,null
로스트콩검,대두,false,null
찹쌀땅콩,대두,false,null
콩국물,대두,false,null
입힘땅콩,대두,false,null
렌틸콩,대두,false,null
콩단백발효액,대두,false,null
땅콩밀키,대두,false,null
울타리콩,대두,false,null
콩메주,대두,false,null
당코팅땅콩조각,대두,false,null
검정약콩,대두,false,null
땅콩페이스트,대두,false,null
검정콩분말,대두,false,null
커피땅콩,대두,false,null
유기농콩코드포도농축액,대두,false,null
렌틸콩볶음분말,대두,false,null
국산약콩,대두,false,null
풋콩,대두,false,null
동부콩,대두,false,null
콩분말,대두,false,null
날콩,대두,false,null
국산콩발효액,대두,false,null
두부,대두,false,null
두부코코넛가츠,대두,false,null
리얼탱탱두부,대두,false,null
마파두부소스,대두,false,null
진두부순대양념,대두,false,null
가공두부,대두,false,null
담백한두부덮밥,대두,false,null
두부카츠,대두,false,null
동결건조두부,대두,false,null
두부코코넛치킨까스,대두,false,null
두부적네모떡갈비,대두,false,null
햇살콩국산두부,대두,false,null
두부판자넬라샐러드믹스,대두,false,null
두부응고제,대두,false,null
동결건조두부디이스,대두,false,null
순두부,대두,false,null
연두부,대두,false,null
두부코코넛돈까스,대두,false,null
건조조미유부,대두,false,null
조미유부,대두,false,null
건조조미유부,대두,false,null
유부초밥조미볶음,대두,false,null
유부,대두,false,null
고단백건조유부,대두,false,null
유부조미액,대두,false,null
유부조미액베이스,대두,false,null
조미유부,대두,false,null
갈비본살,null,0,null
돼지고기목살,null,0,null
돼지고기,null,0,null
돼지고기등심,null,0,null
돼지고기용양념소스,null,0,null
돼지고기뒷다리,null,0,null
무항생제돼지고기,null,0,null
돼지고기안심,null,0,null
제주산흑돼지고기,null,0,null
다진돼지고기,null,0,null
돼지고기목뼈,null,0,null
수입냉동돼지고기,null,0,null
냉동돼지고기,null,0,null
돼지고기지방,null,0,null
국산돼지고기,null,0,null
돼지고기삼겹살,null,0,null
돼지고기베이스,null,0,null
돼지고기정육,null,0,null
유기농돼지고기,null,0,null
돼지고기갈비살,null,0,null
돼지불고기,null,0,null
돼지목심살,null,0,null
돼지고기목살,null,0,null
소들녘돼지양념소스,null,0,null
돼지감자과즙농축액,null,0,null
돼지고기,null,0,null
돼지곱창,null,0,null
돼지고기등심,null,0,null
돼지갈매기살,null,0,null
돼지삼겹,null,0,null
돼지고기용양념소스,null,0,null
돼지정육,null,0,null
돼지고기뒷다리,null,0,null
돼지머리고기,null,0,null
흑돼지,null,0,null
돼지껍데기,null,0,null
양념돼지불고기,null,0,null
삶은돼지곱창,null,0,null
무항생제돼지고기,null,0,null
돼지등뼈추출물,null,0,null
돼지갈비양념장,null,0,null
돼지소창,null,0,null
돼지고기안심,null,0,null
삶은돼지막창,null,0,null
흑돼지구이용,null,0,null
돼지지육,null,0,null
양념소스돼지장,null,0,null
돼지갈비,null,0,null
돼지장족,null,0,null
유기농돼지감자농축액,null,0,null
제주산흑돼지고기,null,0,null
돼지지방,null,0,null
돼지,null,0,null
다진돼지고기,null,0,null
돼지갈비살,null,0,null
돼지앞다리,null,0,null
돼지감자분말,null,0,null
돼지고기목뼈,null,0,null
돼지감자농축액,null,0,null
돼지간,null,0,null
돼지오돌뼈,null,0,null
돼지등갈비,null,0,null
돼지소장,null,0,null
수입냉동돼지고기,null,0,null
돼지족,null,0,null
돼지족발,null,0,null
냉동돼지고기,null,0,null
돼지껍질,null,0,null
돼지뼈추출물,null,0,null
돼지갈비양념,null,0,null
꿀맛돼지갈비장,null,0,null
돼지목살,null,0,null
다진돼지고긱,null,0,null
돼지등뼈,null,0,null
돼지뼈,null,0,null
돼지선지,null,0,null
돼지고기지방,null,0,null
돼지삼겹살,null,0,null
허브돼지막창,null,0,null
돼지불고기양념,null,0,null
돼지뒷다리,null,0,null
국산돼지고기,null,0,null
돼지고기삼겹살,null,0,null
돼지고기베이스,null,0,null
돼지고기정육,null,0,null
돼지전지,null,0,null
돼지사태,null,0,null
돼지감자,null,0,null
돼지안심살,null,0,null
유기농돼지고기,null,0,null
돼지등심,null,0,null
돼지막창,null,0,null
돼지고기갈비살,null,0,null
돼지뒷다리살,null,0,null
제주돼지갈릭구이,null,0,null
땅콩함유,땅콩,false,null
꿀탕콩,땅콩,false,null
땅콩함유,땅콩,false,null
땅콩볶음분,땅콩,false,null
배합땅콩,땅콩,false,null
땅콩향,땅콩,false,null
튀김땅콩,땅콩,false,null
볶음분태땅콩,땅콩,false,null
땅콩가공분,땅콩,false,null
볶음알땅콩,땅콩,false,null
땅콩코팅분태,땅콩,false,null
땅콩유,땅콩,false,null
스키피땅콩버터,땅콩,false,null
땅콩가루,땅콩,false,null
구운땅콩,땅콩,false,null
땅콩버터향,땅콩,false,null
초코땅콩,땅콩,false,null
하이올레익볶음땅콩,땅콩,false,null
땅콩계란,땅콩,false,null
초코크림땅콩분말,땅콩,false,null
가염땅콩페이스트,땅콩,false,null
땅콩강정,땅콩,false,null
크리미땅콩버터,땅콩,false,null
알땅콩,땅콩,false,null
볶음땅콩,땅콩,false,null
땅콩오일,땅콩,false,null
땅콩,땅콩,false,null
땅콩볶음분,땅콩,false,null
볶음땅콩분말,땅콩,false,null
땅콩혼합분말,땅콩,false,null
땅콩또는견과류가공품,땅콩,false,null
코팅땅콩반태,땅콩,false,null
땅콩소보루,땅콩,false,null
배합땅콩버터,땅콩,false,null
땅콩분,땅콩,false,null
땅콩전지,땅콩,false,null
땅콩맛크림,땅콩,false,null
새우땅콩볼,땅콩,false,null
땅콩분말,땅콩,false,null
율무땅콩,땅콩,false,null
커피땅콩분태,땅콩,false,null
땅콩함유,땅콩,false,null
볶음땅콩반태,땅콩,false,null
탈지땅콩분말,땅콩,false,null
땅콩반태,땅콩,false,null
스키피땅콩버터크리미,땅콩,false,null
볶음땅콩분태,땅콩,false,null
땅콩크림,땅콩,false,null
땅콩버터,땅콩,false,null
땅콩분태,땅콩,false,null
땅콩알갱이,땅콩,false,null
땅콩전지분,땅콩,false,null
꿀땅콩,땅콩,false,null
천연땅콩향,땅콩,false,null
찹쌀땅콩,땅콩,false,null
입힘땅콩,땅콩,false,null
땅콩밀키,땅콩,false,null
당코팅땅콩조각,땅콩,false,null
땅콩페이스트,땅콩,false,null
커피땅콩,땅콩,false,null
카라멜코팅아몬드,땅콩,false,null
후렌치후라이드아몬드,땅콩,false,null
코팅아몬드,땅콩,false,null
벚꽃향가득아몬드,땅콩,false,null
볶음슬라이스아몬드,땅콩,false,null
치즈유산균아몬드,땅콩,false,null
버터갈릭맛아몬드,땅콩,false,null
볶음아몬드분태,땅콩,false,null
아몬드향,땅콩,false,null
아몬드볼에이,땅콩,false,null
볶음아몬드,땅콩,false,null
흑미아몬드강정,땅콩,false,null
허니버터아몬드,땅콩,false,null
아몬드크림,땅콩,false,null
아몬드파우더,땅콩,false,null
허니버터아몬드분태,땅콩,false,null
드라이아몬드,땅콩,false,null
아몬드슬라이스,땅콩,false,null
아몬드플레이크,땅콩,false,null
아몬드,땅콩,false,null
아몬드가루,땅콩,false,null
백미아몬드컵샐러드,땅콩,false,null
구운아몬드,땅콩,false,null
떡볶이맛아몬드,땅콩,false,null
통아몬드,땅콩,false,null
당코팅아몬드분태,땅콩,false,null
아몬드향분말,땅콩,false,null
볶음아몬드완태,땅콩,false,null
유기농슬라이스아몬드,땅콩,false,null
아몬드분말,땅콩,false,null
아몬드페이스,땅콩,false,null
아몬드페이스트,땅콩,false,null
볶은아몬드,땅콩,false,null
현미아몬드,땅콩,false,null
아몬드향베이스,땅콩,false,null
고구마아몬드용시즈닝,땅콩,false,null
아몬드코팅분태,땅콩,false,null
아몬드액,땅콩,false,null
아몬드프랄린,땅콩,false,null
슬라이스아몬드,땅콩,false,null
콩고물아몬드,땅콩,false,null
아몬드분태,땅콩,false,null
백아몬드분말,땅콩,false,null
아몬드크랜베리혼합분태,땅콩,false,null
아몬드알갱이,땅콩,false,null
구운아몬드분태,땅콩,false,null
아몬드초코볼,땅콩,false,null
천연아몬드향,땅콩,false,null
아몬드분,땅콩,false,null
아몬드유,땅콩,false,null
볶음아몬드분말,땅콩,false,null
콘소메맛아몬드,땅콩,false,null
당코팅아몬드,땅콩,false,null
피칸,땅콩,false,null
구운피칸,땅콩,false,null
허니버터피칸,땅콩,false,null
제일제면소혼합메밀가루,메밀,false,null
메밀가루,메밀,false,null
볶음메밀가루,메밀,false,null
혼합메밀가루,메밀,false,null
메밀가루프리믹스,메밀,false,null
볶은메밀가루,메밀,false,null
메밀가루혼합분말,메밀,false,null
통메밀,메밀,false,null
가쓰오부시맛메밀스프,메밀,false,null
알파메밀분,메밀,false,null
제일제면소혼합메밀가루,메밀,false,null
자맛메밀막국수건더기,메밀,false,null
자맛메밀냉소바액상스프,메밀,false,null
메밀가루,메밀,false,null
메밀생면용건더기,메밀,false,null
자맛메밀냉소바건더기,메밀,false,null
볶음메밀가루,메밀,false,null
메밀쌀,메밀,false,null
볶음메밀분말,메밀,false,null
혼합메밀가루,메밀,false,null
타타리메밀,메밀,false,null
프리믹스메밀,메밀,false,null
메밀가루프리믹스,메밀,false,null
자맛황태메밀막국수건더기,메밀,false,null
자맛메밀막국수액상스프,메밀,false,null
볶은달단메밀,메밀,false,null
볶은메밀가루,메밀,false,null
메밀가루혼합분말,메밀,false,null
메밀,메밀,false,null
볶음메밀분,메밀,false,null
가공밀가루,밀,false,null
강력밀가루,밀,false,null
건조당밀,밀,false,null
건조분말당밀,밀,false,null
고운통밀가루,밀,false,null
고추장볶음분말,밀,false,null
국내산밀,밀,false,null
그라함밀,밀,false,null
기타밀가루,밀,false,null
낙우밀,밀,false,null
녹차밀,밀,false,null
당밀,밀,false,null
당밀분말,밀,false,null
당밀시럼,밀,false,null
당밀시럽,밀,false,null
대두볶음분말,밀,false,null
데일리밀키,밀,false,null
동충하초밀리타리스,밀,false,null
듀럼밀,밀,false,null
딸기밀,밀,false,null
땅콩밀키,밀,false,null
떡볶이떡,밀,false,null
락토밀,밀,false,null
렌틸콩볶음분말,밀,false,null
로만밀베이커스믹스,밀,false,null
리치밀감자전분가공품,밀,false,null
말랑밀떡볶이떡,밀,false,null
말토게닉아밀라아제,밀,false,null
맥아호밀가루,밀,false,null
멀티밀레감자전분,밀,false,null
무농약밀가루,밀,false,null
무농약백밀가루,밀,false,null
무농약우리밀,밀,false,null
무농약우리밀백밀가루,밀,false,null
무농약우리밀빵가루,밀,false,null
밀,밀,false,null
밀가,밀,false,null
밀가루,밀,false,null
밀가루풀,밀,false,null
밀가류,밀,false,null
밀감,밀,false,null
밀감꿀,밀,false,null
밀감농축액,밀,false,null
밀글루텐,밀,false,null
밀납,밀,false,null
밀단백,밀,false,null
밀단백농축분말,밀,false,null
밀단백분말,밀,false,null
밀단백질,밀,false,null
밀단백추출물,밀,false,null
밀락골드,밀,false,null
밀리타리스동충하초,밀,false,null
밀리터리스,밀,false,null
밀발효물,밀,false,null
밀백소맥뻥,밀,false,null
밀분해농축액,밀,false,null
밀분해액,밀,false,null
밀분해추출물,밀,false,null
밀분해추출물에이,밀,false,null
밀브랜,밀,false,null
밀블랜,밀,false,null
밀새싹,밀,false,null
밀순분말,밀,false,null
밀시럽,밀,false,null
밀식이섬유,밀,false,null
밀싹,밀,false,null
밀쌀,밀,false,null
밀쌀가루,밀,false,null
밀쌀분,밀,false,null
밀전분,밀,false,null
밀제조전분,밀,false,null
밀조제전분,밀,false,null
밀추출물,밀,false,null
밀플레이크,밀,false,null
밀함유,밀,false,null
밀함유식품,밀,false,null
밀현미,밀,false,null
밀황소맥뻥,밀,false,null
박력밀가루,밀,false,null
발아밀가루,밀,false,null
발아밀분말,밀,false,null
발아통밀,밀,false,null
발아통밀가루,밀,false,null
발효렌틸콩볶음분말,밀,false,null
복분자밀,밀,false,null
볶은밀,밀,false,null
볶은통밀분말,밀,false,null
볶음밀,밀,false,null
비프볶음분말,밀,false,null
세전당밀,밀,false,null
소밀,밀,false,null
스위트밀키시즈닝,밀,false,null
쌀떡볶이떡,밀,false,null
아마밀,밀,false,null
아밀라아제,밀,false,null
아파아밀라아제,밀,false,null
알파밀가루,밀,false,null
알파밀쌀가루,밀,false,null
알파아밀라아제,밀,false,null
알파아밀라제,밀,false,null
알파아밀레아제,밀,false,null
알파아밀아아제,밀,false,null
야채볶음분말,밀,false,null
양파비프볶음분말,밀,false,null
영양강화밀가루,밀,false,null
오트밀,밀,false,null
오트밀분말,밀,false,null
오트밀현미분말,밀,false,null
온주밀감,밀,false,null
우거지밀링,밀,false,null
우리밀,밀,false,null
우리밀가루,밀,false,null
우리밀간장,밀,false,null
우리밀고추장,밀,false,null
우리밀구운빵가루,밀,false,null
우리밀밀가루,밀,false,null
우리밀발아통밀가루,밀,false,null
우리밀백밀가루,밀,false,null
우리밀빵가루,밀,false,null
우리밀진간장,밀,false,null
우리밀춘장,밀,false,null
우리밀통밀가루,밀,false,null
우리밀튀김가루,밀,false,null
우리백밀가루,밀,false,null
유기농밀,밀,false,null
유기농밀가루,밀,false,null
유기농통밀가루,밀,false,null
유기밀가루,밀,false,null
유장밀,밀,false,null
이소밀토올리고당,밀,false,null
이소아밀부틸레이트,밀,false,null
이소아밀이소발러레이트,밀,false,null
전립밀가루,밀,false,null
전지밀,밀,false,null
절임고추볶음분말,밀,false,null
제육볶음분말,밀,false,null
조미밀단백,밀,false,null
조미소고기볶음분말,밀,false,null
중력밀가루,밀,false,null
중앙전지밀,밀,false,null
중화풍볶음분말,밀,false,null
짜장볶음분말,밀,false,null
찐밀쌀가루,밀,false,null
치즈밀떡,밀,false,null
콘밀,밀,false,null
크리밀,밀,false,null
탈지밀,밀,false,null
통밀,밀,false,null
통밀가루,밀,false,null
통밀가루강력,밀,false,null
통밀분,밀,false,null
통밀분말,밀,false,null
통밀식빵,밀,false,null
통밀플레이크,밀,false,null
통밀후레이크씨리얼,밀,false,null
통호밀,밀,false,null
통호밀플레이크,밀,false,null
팽화밀가루,밀,false,null
표고버섯볶음분말,밀,false,null
푸르밀유크림,밀,false,null
피프본밀,밀,false,null
한입떡볶이떡,밀,false,null
호밀,밀,false,null
호밀가루,밀,false,null
호밀농축액,밀,false,null
호밀발효종,밀,false,null
호밀분,밀,false,null
호밀분말,밀,false,null
호밀식이섬유,밀,false,null
호밀플레이크,밀,false,null
혼합제제밀가루,밀,false,null
활성밀글루텐,밀,false,null
활성밀글루텐유화제,밀,false,null
후레쉬밀키메스,밀,false,null
후레쉬밀키에스,밀,false,null
흑미볶음분말,밀,false,null
알파소맥분,밀,false,null
알파소맥,밀,false,null
알파소맥전분,밀,false,null
볶음조미소맥분,밀,false,null
가공소맥분,밀,false,null
알파소맥분,밀,false,null
소맥분말,밀,false,null
소맥분,밀,false,null
듀럼세몰리나소맥분,밀,false,null
소맥효소처리스테비아,밀,false,null
소맥단백,밀,false,null
볶음조미소맥분,밀,false,null
밀백소맥뻥,밀,false,null
혼합소맥전분,밀,false,null
가공소맥분,밀,false,null
알파소맥분,밀,false,null
소맥전분,밀,false,null
활성소맥글루텐,밀,false,null
소맥,밀,false,null
소맥분말,밀,false,null
소맥배아및호분층,밀,false,null
유기농소맥,밀,false,null
소맥주정,밀,false,null
밀황소맥뻥,밀,false,null
소맥분,밀,false,null
듀럼세몰리나소맥분,밀,false,null
아파소맥,밀,false,null
소맥글루텐,밀,false,null
소맥미국산,밀,false,null
알파소맥,밀,false,null
알파소맥전분,밀,false,null
복훙아,복숭아,false,null
복숭아함유,복숭아,false,null
복숭아홍차분말,복숭아,false,null
복숭아과즙분말,복숭아,false,null
복숭아시럽,복숭아,false,null
복숭아,복숭아,false,null
복숭아농축과즙,복숭아,false,null
복숭아분말향,복숭아,false,null
복숭아청징농축과즙,복숭아,false,null
복숭아농축과즙분말,복숭아,false,null
복숭아향,복숭아,false,null
복숭아향분말,복숭아,false,null
복숭아농축퓨레,복숭아,false,null
복숭아과즙농축액,복숭아,false,null
복숭아다이스,복숭아,false,null
천연복숭아향,복숭아,false,null
복숭아파인애플시럽,복숭아,false,null
복숭아농츱과즙,복숭아,false,null
복숭아농축과즙액,복숭아,false,null
복숭아농축과즈,복숭아,false,null
복숭아퓨레시럽,복숭아,false,null
복숭아청징농축액,복숭아,false,null
복숭아퓨레다이스,복숭아,false,null
복숭아엑기스분말,복숭아,false,null
복숭아다이스시럽,복숭아,false,null
복숭아과즙으로,복숭아,false,null
복숭아크림,복숭아,false,null
복숭아농축액,복숭아,false,null
복숭아액키스,복숭아,false,null
복숭아퓨레,복숭아,false,null
복숭아젬,복숭아,false,null
복숭아홍차혼합분말,복숭아,false,null
복숭아과즙,복숭아,false,null
새우함유,새우,false,null
새우함유,새우,false,null
새우추출물,새우,false,null
새우추출물분말,새우,false,null
새우엑기스,새우,false,null
새우엑기스분말,새우,false,null
꽃새우엑기스,새우,false,null
새우엑기스분말엔엠,새우,false,null
진한새우엑기스,새우,false,null
건새우분말,새우,false,null
농축새우분말,새우,false,null
새우분말에스,새우,false,null
조미새우분말,새우,false,null
볶음새우분말,새우,false,null
도화새우분말,새우,false,null
새우분말,새우,false,null
새우가루,새우,false,null
건새우분말,새우,false,null
자숙새우,새우,false,null
새우오일,새우,false,null
새우맛덴카츠시즈닝,새우,false,null
새우추출분말엔엠,새우,false,null
농축새우분말,새우,false,null
새우씨즈닝,새우,false,null
새우맛볼후레이크,새우,false,null
밥새우,새우,false,null
새우엑기스,새우,false,null
새우펠렛,새우,false,null
새우를,새우,false,null
새우어묵,새우,false,null
새우액젓,새우,false,null
새우추출분말,새우,false,null
새우분말에스,새우,false,null
흰다리새우,새우,false,null
새우젓쪽파,새우,false,null
구운꽃새우우린육수,새우,false,null
새우맛조미유,새우,false,null
새우살어묵,새우,false,null
건조새우,새우,false,null
새우베이스,새우,false,null
갈아만든광천토굴새우젓,새우,false,null
조미새우분말,새우,false,null
종가집새우액젓,새우,false,null
새우풍미유,새우,false,null
새우탕베이스,새우,false,null
새우가루,새우,false,null
새우조미분말,새우,false,null
새우젓,새우,false,null
새우함유,새우,false,null
새우모양후레이크,새우,false,null
새우엑기스분말,새우,false,null
새우소금구이맛시즈닝,새우,false,null
새우분,새우,false,null
갈은냉동새우,새우,false,null
진한새우액젓,새우,false,null
꽃새우엑기스,새우,false,null
새우추출농축액,새우,false,null
홍새우,새우,false,null
새우젓발효원액,새우,false,null
새우탕맛베이스,새우,false,null
새우조미시즈닝,새우,false,null
깐풍새우맛시즈닝,새우,false,null
새우엑기스분말엔엠,새우,false,null
새우맛분말,새우,false,null
볶음새우분말,새우,false,null
새우농축액,새우,false,null
생새우,새우,false,null
새우추출물,새우,false,null
새우분태분말,새우,false,null
꽃새우시즈닝오일,새우,false,null
도화새우분말,새우,false,null
새우볶음밥용조미액,새우,false,null
냉동홍새우,새우,false,null
구운새우맛시느징,새우,false,null
새우땅콩볼,새우,false,null
염장새우,새우,false,null
새우,새우,false,null
새우추출물분말,새우,false,null
새우마요맛씨즈닝,새우,false,null
새우시즈닝분말,새우,false,null
볶음새우,새우,false,null
새우베이스분말,새우,false,null
조미새우,새우,false,null
참맛새우,새우,false,null
진한새우엑기스,새우,false,null
자맛새우짬뽕액상스프,새우,false,null
새우분말,새우,false,null
냉동새우,새우,false,null
건조조미새우,새우,false,null
솔솔새우,새우,false,null
새우씨즈닝분말,새우,false,null
새우크래커,새우,false,null
새우맛시즈닝,새우,false,null
수염새우,새우,false,null
구운보리새우우린육수,새우,false,null
새우조미액,새우,false,null
새우맛볼,새우,false,null
새우살,새우,false,null
새우형맛살,새우,false,null
건새우,새우,false,null
흰다리새우살,새우,false,null
새우밑국물,새우,false,null
새우풍미분,새우,false,null
새우젓분말,새우,false,null
새우농축페이스트,새우,false,null
볶음새우분말,새우,false,null
볶음새우,새우,false,null
쇠고기함유,쇠고기,false,null
우사골추출물,쇠고기,false,null
한우사골농축분말,쇠고기,false,null
한우사골육수,쇠고기,false,null
우사골엑기스,쇠고기,false,null
국산한우사골,쇠고기,false,null
한우사골도가니추출액,쇠고기,false,null
한우사골엑기스,쇠고기,false,null
한우사골,쇠고기,false,null
한우사골추출액,쇠고기,false,null
우사골,쇠고기,false,null
한우사골추출물,쇠고기,false,null
한우사골풍미분,쇠고기,false,null
한우사골추출농축액,쇠고기,false,null
한우사골농축액,쇠고기,false,null
한우사골뼈추출액,쇠고기,false,null
우류,쇠고기,false,null
우골엑기스,쇠고기,false,null
우골베이스분말,쇠고기,false,null
우골엑기스분말,쇠고기,false,null
우골베이스,쇠고기,false,null
우골조미분말,쇠고기,false,null
우골농축액,쇠고기,false,null
우골,쇠고기,false,null
우골마늘조미분,쇠고기,false,null
우골설렁탕분말,쇠고기,false,null
우골추출물,쇠고기,false,null
쇠고기함유,쇠고기,false,null
쇠고기맛양념분말,쇠고기,false,null
쇠고기전골에스,쇠고기,false,null
쇠고기맛분,쇠고기,false,null
쇠고기맛,쇠고기,false,null
행복한맛남쇠고기맛국물내기,쇠고기,false,null
쇠고기추출액,쇠고기,false,null
쇠고기맛분말시즈닝,쇠고기,false,null
쇠고기맛조미료엔엠,쇠고기,false,null
쇠고기농축조미분,쇠고기,false,null
쇠고기진육,쇠고기,false,null
한그릇쇠고기우린액,쇠고기,false,null
쇠고기시즈닝오일,쇠고기,false,null
쇠고기치즈믹스,쇠고기,false,null
쇠고기일품다시,쇠고기,false,null
고풍미쇠고기분말,쇠고기,false,null
쇠고기간장분말,쇠고기,false,null
쇠고기양념분말골드,쇠고기,false,null
쇠고기육장,쇠고기,false,null
쇠고기엑기스,쇠고기,false,null
쇠고기육수농축액,쇠고기,false,null
쇠고기맛본다시,쇠고기,false,null
조미쇠고기분말,쇠고기,false,null
쇠고기농축엑기스,쇠고기,false,null
쇠고기미다시,쇠고기,false,null
쇠고기우린액,쇠고기,false,null
쇠고기농축페이스트,쇠고기,false,null
쇠고기풍미베이스,쇠고기,false,null
쇠고기맛플러스,쇠고기,false,null
다시다쇠고기,쇠고기,false,null
쇠고기육수,쇠고기,false,null
쇠고기다시마,쇠고기,false,null
쇠고기칩,쇠고기,false,null
쇠고기척롤,쇠고기,false,null
쇠고기엑기스페이스트,쇠고기,false,null
쇠고기맛베이스,쇠고기,false,null
쇠고기장국분말,쇠고기,false,null
쇠고기풍미유,쇠고기,false,null
갈비맛쇠고기후레이크,쇠고기,false,null
카레쇠고기맛씨즈닝,쇠고기,false,null
참맛쇠고기양념분말,쇠고기,false,null
쇠고기맛국물내기엔엠,쇠고기,false,null
쇠고기볶음맛분말,쇠고기,false,null
쇠고기다시다용분말,쇠고기,false,null
쇠고기조림분말,쇠고기,false,null
쇠고기추출분말,쇠고기,false,null
참맛매운쇠고기분말,쇠고기,false,null
쇠고기찬다시,쇠고기,false,null
쇠고기양념분말,쇠고기,false,null
쇠고기갈비,쇠고기,false,null
쇠고기소스,쇠고기,false,null
쇠고기분,쇠고기,false,null
쇠고기맛국물내기식,쇠고기,false,null
시아스다쇠고기,쇠고기,false,null
쇠고기맛나,쇠고기,false,null
맑은쇠고기추출농축액,쇠고기,false,null
진한쇠고기맛분말,쇠고기,false,null
쇠고기조미소스,쇠고기,false,null
쇠고기우린분말,쇠고기,false,null
건조조미쇠고기,쇠고기,false,null
유기농쇠고기,쇠고기,false,null
쇠고기육수베이스,쇠고기,false,null
효소분해쇠고기엑기스,쇠고기,false,null
다림쇠고기육수,쇠고기,false,null
쇠고기분해액,쇠고기,false,null
쇠고기맛내기,쇠고기,false,null
쇠고기다시,쇠고기,false,null
쇠고기장조림베이스,쇠고기,false,null
쇠고기고추장볶음,쇠고기,false,null
쇠고기육편,쇠고기,false,null
쇠고기,쇠고기,false,null
쇠고기그린다시,쇠고기,false,null
쇠고기야채베이스,쇠고기,false,null
쇠고기참다시,쇠고기,false,null
쇠고기국물농축액,쇠고기,false,null
쇠고기가루,쇠고기,false,null
쇠고기맛다시다,쇠고기,false,null
쇠고기추출물,쇠고기,false,null
쇠고기육수분말,쇠고기,false,null
쇠고기맛씨즈닝,쇠고기,false,null
쇠고기맛농축액,쇠고기,false,null
쇠고기맛드림다시,쇠고기,false,null
남쇠고기국물맛내기,쇠고기,false,null
양념쇠고기맛분말,쇠고기,false,null
쇠고기함유,쇠고기,false,null
쇠고기양념엑기스,쇠고기,false,null
피코크쇠고기국간장소스,쇠고기,false,null
쇠고기농축엑,쇠고기,false,null
쇠고기야채우린물,쇠고기,false,null
쇠고기수육,쇠고기,false,null
수입쇠고기갈비,쇠고기,false,null
쇠고기조미분말,쇠고기,false,null
쇠고기베이스,쇠고기,false,null
한우쇠고기엑기스,쇠고기,false,null
쇠고기사태엑기스,쇠고기,false,null
쇠고기부만엘,쇠고기,false,null
쇠고기페이스트,쇠고기,false,null
쇠고기전골,쇠고기,false,null
쇠고기농축분말,쇠고기,false,null
쇠고기효모농축액,쇠고기,false,null
볶음쇠고기베이스,쇠고기,false,null
다시쇠고기,쇠고기,false,null
쇠고기브이용,쇠고기,false,null
쇠고기분해농축액,쇠고기,false,null
쇠고기프리믹스,쇠고기,false,null
쇠고기다시다,쇠고기,false,null
효소분해쇠고기분말,쇠고기,false,null
쇠고기추출물분말,쇠고기,false,null
구운쇠고기분말,쇠고기,false,null
쇠고기맛조미료,쇠고기,false,null
쇠고기풍미분말,쇠고기,false,null
시아스다쇠고기골드,쇠고기,false,null
쇠고기엑기스분말,쇠고기,false,null
산들애쇠고기,쇠고기,false,null
행복한맛남쇠고기국물맛내기,쇠고기,false,null
효소분해쇠고기엑기스분말,쇠고기,false,null
쇠고기조미유,쇠고기,false,null
쇠고기맛국물내기분말엔엠,쇠고기,false,null
쇠고기풍미분말씨,쇠고기,false,null
고풍미쇠고기맛분말,쇠고기,false,null
쇠고기분말,쇠고기,false,null
쇠고기정육추출액,쇠고기,false,null
쇠고기진국다시,쇠고기,false,null
쇠고기맛혼합양념,쇠고기,false,null
농축쇠고기엑기스,쇠고기,false,null
쇠고기맛분말,쇠고기,false,null
쇠고기하이미,쇠고기,false,null
수입냉동쇠고기,쇠고기,false,null
조미쇠고기맛후레이크,쇠고기,false,null
쇠고기농축액,쇠고기,false,null
쇠고기향미분말,쇠고기,false,null
쇠고기베이스분말,쇠고기,false,null
쇠고기분말엔,쇠고기,false,null
무항생제쇠고기,쇠고기,false,null
쇠고기농축엑기스분말,쇠고기,false,null
진한쇠고기맛양념,쇠고기,false,null
쇠고기하이마,쇠고기,false,null
한우쇠고기분말,쇠고기,false,null
볶음쇠고기,쇠고기,false,null
조미건조쇠고기,쇠고기,false,null
쇠고기맛국물내기와이,쇠고기,false,null
쇠고기진한다시,쇠고기,false,null
쇠고기맛다시,쇠고기,false,null
쇠고기브이용분말,쇠고기,false,null
쇠고기맛국물내기,쇠고기,false,null
한우소뼈추출액,쇠고기,false,null
소뼈,쇠고기,false,null
소뼈추출액,쇠고기,false,null
육우소뼈,쇠고기,false,null
오징어함유,오징어,false,null
오징어새우,오징어,false,null
오징어먹물추출분말,오징어,false,null
오징어엑스분말,오징어,false,null
오징어추출물,오징어,false,null
오징어추출페이스트,오징어,false,null
오징어해씨볼,오징어,false,null
오징어양념분말,오징어,false,null
건조오징어,오징어,false,null
오징어육,오징어,false,null
오징어찌개분말,오징어,false,null
오징어맛후레이크,오징어,false,null
조미오징어분말,오징어,false,null
오징어조미후레이크,오징어,false,null
오징어채,오징어,false,null
오징어조미분말,오징어,false,null
베베오징어,오징어,false,null
오징어먹물색소,오징어,false,null
오징어볼어묵,오징어,false,null
오징어풍미료,오징어,false,null
오징어향,오징어,false,null
아메리카대왕오징어,오징어,false,null
오징어엑기스,오징어,false,null
오징어귀,오징어,false,null
오징어씨즈닝,오징어,false,null
오징어,오징어,false,null
오징어페이스트,오징어,false,null
오징어맛조미분말,오징어,false,null
오징어반응엑기스,오징어,false,null
오징어후레이크,오징어,false,null
오징어분말티케이에프,오징어,false,null
오징어베이스,오징어,false,null
오징어어묵,오징어,false,null
오징어베이스분말,오징어,false,null
조미썰은오징어,오징어,false,null
건오징어,오징어,false,null
오징어살,오징어,false,null
동결건조오징어,오징어,false,null
오징어분말,오징어,false,null
갑오징어,오징어,false,null
버터구이오징어맛시즈닝,오징어,false,null
오징어추출물분말,오징어,false,null
자숙오징어,오징어,false,null
오징어농축분말,오징어,false,null
오징어볶음양념장,오징어,false,null
면중오징어,오징어,false,null
오징어엑기스분말,오징어,false,null
오징어링후레이크,오징어,false,null
오징어다이스,오징어,false,null
오징어조미액,오징어,false,null
오징어풍미분말,오징어,false,null
오징어농축액,오징어,false,null
조미찢은오징어,오징어,false,null
구운오징어향,오징어,false,null
오징어조미분말홍합엑기스분말,오징어,false,null
조미오징어몸,오징어,false,null
대왕오징어,오징어,false,null
오징어풍미페이스트,오징어,false,null
오징어다리,오징어,false,null
오징어맛농축액,오징어,false,null
조미오징어,오징어,false,null
오징어를,오징어,false,null
철판구이슬림오징어,오징어,false,null
건미역조미오징어분말,오징어,false,null
오징어족,오징어,false,null
육포맛오징어시즈닝,오징어,false,null
오징어분말티케이,오징어,false,null
매운오징어덮밥,오징어,false,null
갑오징어분말,오징어,false,null
오징어땡,오징어,false,null
오징어문어추출물분말,오징어,false,null
무지방우유함유크리머,우유,false,null
무지방우유함유,우유,false,null
무지방우유함유식물성크림,우유,false,null
우유성분함유크리머,우유,false,null
우유함유,우유,false,null
무지방우유함유아이스프리마,우유,false,null
무지방우유함유크리머아이스,우유,false,null
유원료함유,우유,false,null
혼합탈지분유분말,우유,false,null
탈염유청혼합탈지분유,우유,false,null
탈지분유,우유,false,null
유기농혼합탈지분유,우유,false,null
탈지분유분말,우유,false,null
혼합탈지분유,우유,false,null
조제탈지분유,우유,false,null
탈지분유프리퍼레이션,우유,false,null
유단백질혼합탈지분유,우유,false,null
유기농탈지분유,우유,false,null
유유락,우유,false,null
분유유크림,우유,false,null
팜올레인에스테르화유유,우유,false,null
유유,우유,false,null
유우,우유,false,null
우유함유식품,우유,false,null
무지방우유함유크리머,우유,false,null
무지방우유함유,우유,false,null
무지방우유함유식물성크림,우유,false,null
우유함유,우유,false,null
무지방우유함유아이스프리마,우유,false,null
무지방우유함유크리머아이스,우유,false,null
우유포함,우유,false,null
농축우유포함,우유,false,null
우유제품,우유,false,null
농축우유,우유,false,null
서울우유펠렛,우유,false,null
우유단백분말,우유,false,null
카페베네우유,우유,false,null
멸균우유,우유,false,null
우유고형분,우유,false,null
농축우유단백질,우유,false,null
무가당농축우유인지질,우유,false,null
탈지농축우유,우유,false,null
무지방우유함유크리머,우유,false,null
유기농우유,우유,false,null
우유세라마이드,우유,false,null
살균우유,우유,false,null
무지방우유함유,우유,false,null
탈지우유,우유,false,null
무지방우유함유식물성크림,우유,false,null
우유단백농축물,우유,false,null
우유성분함유크리머,우유,false,null
서울우유버터,우유,false,null
우유분리단백,우유,false,null
우유카스타드,우유,false,null
우유원유,우유,false,null
우유향,우유,false,null
무지방농축우유,우유,false,null
우유,우유,false,null
우유포함,우유,false,null
국산저지방우유,우유,false,null
우유분말,우유,false,null
농축우유포함,우유,false,null
우유응고효소,우유,false,null
우유함유,우유,false,null
환원무지방우유,우유,false,null
우유크림,우유,false,null
저지방우유,우유,false,null
무지방우유,우유,false,null
탈지유또는환원무지방우유,우유,false,null
우유단백질,우유,false,null
우유뷴말,우유,false,null
우유샌드크림,우유,false,null
살균우유등,우유,false,null
무지방우유함유아이스프리마,우유,false,null
우유칼슘,우유,false,null
농축우유단백분말,우유,false,null
바나나우유맛시즈닝,우유,false,null
우유사이알릴올리고당,우유,false,null
무지방우유함유크리머아이스,우유,false,null
우유강글리오사이드,우유,false,null
리치버터,우유,false,null
피넛버터블랜드,우유,false,null
버터향페이스트,우유,false,null
허니버터키슈너트,우유,false,null
이즈니버터,우유,false,null
허니버터씨즈닝,우유,false,null
버터리체다시즈닝,우유,false,null
크림버터혼합분말,우유,false,null
버터후레바,우유,false,null
버터갈릭맛아몬드,우유,false,null
허니버터시럽,우유,false,null
버터밀크파우더,우유,false,null
코코아버터,우유,false,null
버터,우유,false,null
버터바닐라밀크향,우유,false,null
버터체다혼합분말,우유,false,null
버터모짜렐라혼합분말,우유,false,null
버터향베이스,우유,false,null
혼합버터분말,우유,false,null
스키피땅콩버터,우유,false,null
버터후레바파우다알,우유,false,null
리쎄스피넛버터향칩,우유,false,null
무염버터,우유,false,null
스위트버터맛분말,우유,false,null
허니버터아몬드,우유,false,null
피넛버터초콜릿,우유,false,null
버터후레바분말엔,우유,false,null
버터버드,우유,false,null
땅콩버터향,우유,false,null
스위트버터시즈닝,우유,false,null
농축버터버드,우유,false,null
허니버터구이용시즈닝,우유,false,null
허니버터아몬드분태,우유,false,null
버터향,우유,false,null
허니버터향,우유,false,null
발효가공버터,우유,false,null
버터후레바향분말,우유,false,null
허니버터맛시즈닝,우유,false,null
크리미땅콩버터,우유,false,null
버터체다파우더,우유,false,null
리쎄스크리미피넛버터,우유,false,null
버터브랜드,우유,false,null
천연버터,우유,false,null
버터맛분말,우유,false,null
버터엑시드,우유,false,null
버터리체다씨즈닝,우유,false,null
버터맛씨즈닝,우유,false,null
버터맛시즈닝,우유,false,null
서울우유버터,우유,false,null
버터루,우유,false,null
버터지방,우유,false,null
건조버터,우유,false,null
무가염버터,우유,false,null
버터향오일,우유,false,null
허니버터시즈닝,우유,false,null
허니버터향분말,우유,false,null
카카오버터,우유,false,null
버터유,우유,false,null
가공버터,우유,false,null
버터오일,우유,false,null
버터밀크분말,우유,false,null
허니버터바나나시즈닝,우유,false,null
버터간장조미분말,우유,false,null
버터갈릭맛프레첼,우유,false,null
버터유분말,우유,false,null
허니버터마카다미아,우유,false,null
배합땅콩버터,우유,false,null
허니버터맛시즈닝분말,우유,false,null
스위트버터분말,우유,false,null
무수버터오일,우유,false,null
유당코코아버터,우유,false,null
버터갈릭맛씨즈닝,우유,false,null
후라이드용버터믹스,우유,false,null
천연버터향,우유,false,null
버터구이오징어맛시즈닝,우유,false,null
미트플레이버터파우더,우유,false,null
버터페이스트,우유,false,null
혼합버터유,우유,false,null
버터밀크,우유,false,null
버터리치즈파우더,우유,false,null
허니버터딸기시즈닝,우유,false,null
화이트카카오버터,우유,false,null
크림버터분말,우유,false,null
국산버터,우유,false,null
정백당코코아버터,우유,false,null
허니버터호두,우유,false,null
버터갈릭씨즈닝,우유,false,null
버터블랜드,우유,false,null
버터분말,우유,false,null
고메버터,우유,false,null
버터갈릭시즈닝,우유,false,null
허니버터맛씨즈닝,우유,false,null
버터리치즈파우다,우유,false,null
버터혼합분말,우유,false,null
참깨버터분말,우유,false,null
달콤한버터맛씨즈닝,우유,false,null
허니버터피칸,우유,false,null
스키피땅콩버터크리미,우유,false,null
버터혼합분,우유,false,null
허니버터캐슈넛트,우유,false,null
버터시즈닝분말,우유,false,null
버터파우다,우유,false,null
버터스카치향베이스,우유,false,null
피넛버터,우유,false,null
로스트양파버터풍미유,우유,false,null
허니버터맛시즈닝에스와이,우유,false,null
크림버터,우유,false,null
땅콩버터,우유,false,null
리치버터분말,우유,false,null
허니버터소스,우유,false,null
크림버터혼합분,우유,false,null
땅콜버터,우유,false,null
버터그릴향,우유,false,null
허니맛버터씨즈닝,우유,false,null
버터구이맛시즈닝,우유,false,null
유기농고단백유청분말,우유,false,null
유기농탈염유청분말,우유,false,null
탈염유청분말농축유청단백,우유,false,null
가공유청분말제이,우유,false,null
호박씨유청분말,우유,false,null
탈염유청분말,우유,false,null
가공유청분말제아,우유,false,null
유청분말에스,우유,false,null
가공유청분말,우유,false,null
고단백유청분말,우유,false,null
유청분말,우유,false,null
유기농유청분말,우유,false,null
유청,우유,false,null
유청단백질,우유,false,null
유기농고단백유청분말,우유,false,null
수용성유청칼슘분말,우유,false,null
유청농축단백분말,우유,false,null
유청농축단백질,우유,false,null
유기농탈염유청분말,우유,false,null
탈염유청분말농축유청단백,우유,false,null
농축유청단백,우유,false,null
탈염유청혼합탈지분유,우유,false,null
가공유청분말제이,우유,false,null
유기농유청단백분말,우유,false,null
호박씨유청분말,우유,false,null
유청분리단백,우유,false,null
탈염유청퍼미에이트,우유,false,null
탈염유청분말,우유,false,null
유청칼슘,우유,false,null
유청분,우유,false,null
농축유청,우유,false,null
농유청단백,우유,false,null
가공유청분말제아,우유,false,null
분리유청단백,우유,false,null
산양유청단백,우유,false,null
유청분말에스,우유,false,null
가수분해유청단백질,우유,false,null
농축유청단백분말,우유,false,null
유청단백,우유,false,null
농축유청액,우유,false,null
농축유청단백질,우유,false,null
유청단백질채종유,우유,false,null
유청농축단백,우유,false,null
유청퍼메이트,우유,false,null
유청단백가수분해물,우유,false,null
분리유청단백분말,우유,false,null
가공유청분말,우유,false,null
고단백유청분말,우유,false,null
탈염유청,우유,false,null
유청부말,우유,false,null
가수분해유청단백,우유,false,null
유청단백농축분말,우유,false,null
유청원유,우유,false,null
유기농농축유청단백,우유,false,null
유청단백분말,우유,false,null
유청단백질분말,우유,false,null
유청분말,우유,false,null
초유농축유청단백,우유,false,null
유기농유청분말,우유,false,null
유당분해효소,우유,false,null
유당,우유,false,null
덱스트린유당,우유,false,null
유당코코아매스,우유,false,null
유당카제인나트륨,우유,false,null
유당분말,우유,false,null
유기농유당,우유,false,null
유당코코아버터,우유,false,null
유당혼합분말,우유,false,null
식물성유지유당유화제,우유,false,null
산양유당,우유,false,null
유당과즙분말,우유,false,null
밀키페이스트유당,우유,false,null
밀크초콜렛향분말,우유,false,null
밀크티크림,우유,false,null
밀크바닐라향,우유,false,null
밀크칼슘,우유,false,null
밀크크림,우유,false,null
밀크에멀죤,우유,false,null
밀크카라멜향,우유,false,null
티코밀크초코,우유,false,null
밀크향분말,우유,false,null
밀크오일,우유,false,null
밀크초코크림,우유,false,null
리얼밀크초콜릿,우유,false,null
코코넛밀크파우더,우유,false,null
바나나밀크향,우유,false,null
버터밀크분말,우유,false,null
밀크초코크럼,우유,false,null
코코넛밀크액,우유,false,null
유기농코코넛밀크,우유,false,null
허쉬밀크초콜릿칩,우유,false,null
밀크혼합분말,우유,false,null
밀크맛시럽,우유,false,null
후레쉬밀크향,우유,false,null
크럼밀크향,우유,false,null
코코넛밀크파우다,우유,false,null
버터바닐라밀크향,우유,false,null
브라운밀크분말,우유,false,null
밀크바나나맛씨즈닝,우유,false,null
가나디럭스밀크스위트,우유,false,null
밀크런치,우유,false,null
밀크롤링시트,우유,false,null
버터밀크,우유,false,null
밀크인핸서,우유,false,null
크림밀크분말,우유,false,null
밀크리피드,우유,false,null
밀크튜브,우유,false,null
밀크,우유,false,null
밀크바닐라분말향,우유,false,null
버터밀크파우더,우유,false,null
코코넛밀크,우유,false,null
밀크시즈닝,우유,false,null
밀크쨈,우유,false,null
논팻밀크,우유,false,null
밀크필링,우유,false,null
밀크혼합문말,우유,false,null
패밀리밀크초콜릿,우유,false,null
밀크크림향,우유,false,null
밀크향베이스,우유,false,null
밀크시슬추출액,우유,false,null
밀크쉐이크,우유,false,null
로우슈가밀크초콜릿,우유,false,null
밀크칼슘파우더,우유,false,null
밀크아이스크림향,우유,false,null
밀크크럼향,우유,false,null
밀크버드,우유,false,null
아이스밀크,우유,false,null
밀크씨추출물,우유,false,null
밀크퍼키에이트,우유,false,null
밀크향,우유,false,null
밀크베이스,우유,false,null
밀크맛분말,우유,false,null
퓨어밀크초콜릿청크,우유,false,null
밀크리스피,우유,false,null
크림밀크향,우유,false,null
밀크레진,우유,false,null
밀크카라멜,우유,false,null
밀크초콜릿,우유,false,null
밀크농축분말,우유,false,null
코코넛밀크분말,우유,false,null
허니밀크씨즈닝,우유,false,null
밀크테이스트분말향,우유,false,null
밀크크럼,우유,false,null
유당카제인나트륨,우유,false,null
카제인나트륨,우유,false,null
이황산류,null,0,null
아황산류함유식품,null,0,null
아황산류함유,null,0,null
아황산류,null,0,null
아황산나트륨함유,null,0,null
메타중아황산나트륨,null,0,null
차아황산나트륨,null,0,null
산성아황산나트륨,null,0,null
산선아황산나트륨,null,0,null
아황산나트륨,null,0,null
메타중아황산나트륨,null,0,null
무수아황산,null,0,null
산성아황산나트룸,null,0,null
아황산류,null,0,null
차아황산나트륨,null,0,null
산성아황산나트륨,null,0,null
산선아황산나트륨,null,0,null
메타중아황산칼륨,null,0,null
아황산나트륨,null,0,null
아산화황,null,0,null
산성아황산나트륨,null,0,null
이산화황함유,null,0,null
이산화황,null,0,null
잣향,잣,false,null
잣,잣,false,null
잣페이스트,잣,false,null
유기농잣,잣,false,null
조래규,null,0,null
조개류함유,null,0,null
조개류,null,0,null
조개루,null,0,null
조개관자액기스,null,0,null
조개야채엑기스,null,0,null
조개믹스분말엔엠,null,0,null
키조개,null,0,null
조개농축액베이스분말,null,0,null
대합조개농축액,null,0,null
조개엑기스분,null,0,null
키조개관자,null,0,null
조개엑기스분말,null,0,null
다시다조개,null,0,null
조개추출물,null,0,null
조개분말,null,0,null
조개,null,0,null
모시조개,null,0,null
조개관자엑기스,null,0,null
조개류,null,0,null
조개다시마엑기스,null,0,null
조개분해농축액,null,0,null
조개추출분말,null,0,null
조개밑국물,null,0,null
백합조개,null,0,null
조개칼슘,null,0,null
조개다시다,null,0,null
조개베이스분말,null,0,null
조개농축액,null,0,null
조개감칠맛분에스,null,0,null
개량조개,null,0,null
복합조개농축액,null,0,null
대합조개엑기스,null,0,null
조개추출물분말,null,0,null
조개엑기스,null,0,null
조개농축액분말,null,0,null
조개감칠맛분에이스,null,0,null
모시조개,null,0,null
꼬막엑기스,null,0,null
꼬막칼슘분말,null,0,null
꼬막,null,0,null
가리비추출물분말,null,0,null
가리비살,null,0,null
가리비,null,0,null
전복포함,null,0,null
전복굴농축액,null,0,null
전복죽용소스,null,0,null
전복엑기스,null,0,null
전복진육,null,0,null
전복,null,0,null
전복내장,null,0,null
전복굴엑기스,null,0,null
전복포함,null,0,null
전복죽육수,null,0,null
전복살,null,0,null
전복소스,null,0,null
전복굴농축액,null,0,null
굴추출농축액,null,0,null
굴껍질분말,null,0,null
토굴숙성된장,null,0,null
굴소스,null,0,null
굴소스면,null,0,null
굴소스타케이,null,0,null
굴지숙농축액,null,0,null
갈아만든광천토굴새우젓,null,0,null
둥굴레분말,null,0,null
굴육수,null,0,null
굴베이스,null,0,null
비셰프굴소스,null,0,null
남해굴농축액,null,0,null
바다향굴소스,null,0,null
프리미엄굴소스엔엠,null,0,null
굴탕자숙액분말,null,0,null
둥굴레,null,0,null
굴농축액,null,0,null
바다향가득굴소스,null,0,null
호유굴소스,null,0,null
대잎둥굴레,null,0,null
굴엑기스씨즈닝분말,null,0,null
팬더굴소스,null,0,null
굴소스엔엠,null,0,null
통영굴김,null,0,null
굴추출물,null,0,null
둥굴레근,null,0,null
둥굴래,null,0,null
백설남해굴소스,null,0,null
둥굴레믹스,null,0,null
굴엑기스,null,0,null
볶은둥굴레추출액,null,0,null
전복굴엑기스,null,0,null
굴엑기스분말,null,0,null
굴소스농축액,null,0,null
매운굴농축액,null,0,null
자맛통영굴짬뽕건강분말스프,null,0,null
자맛통영굴짬뽕후레이크,null,0,null
굴소스엔,null,0,null
오뚜기굴소스,null,0,null
굴분해액,null,0,null
굴,null,0,null
굴추출액,null,0,null
둥굴레차추출액,null,0,null
볶은둥굴레,null,0,null
굴추출물분말,null,0,null
바지락살,null,0,null
바지락베이스,null,0,null
바지락우린육수,null,0,null
바지락밑국물,null,0,null
바지락조미엑기스,null,0,null
바지락엑기스분말,null,0,null
바지락추출농축액,null,0,null
뽕잎바지락죽용양념,null,0,null
바지락엑기스,null,0,null
바지락추출물,null,0,null
바지락,null,0,null
바지락추출물분말,null,0,null
바지락농축액,null,0,null
바지락분해액,null,0,null
홍합엑기스,null,0,null
생홍합엑기스,null,0,null
홍합지미베이스분말,null,0,null
건홍합,null,0,null
홍합추출농축액,null,0,null
진한홍합가루,null,0,null
홍합농축액,null,0,null
홍합조미분말,null,0,null
홍합,null,0,null
홍합살,null,0,null
홍합짬뽕베이스,null,0,null
홍합농축분말,null,0,null
홍합조미추출물,null,0,null
홍합맛분말,null,0,null
홍합가루,null,0,null
홍합포함,null,0,null
홍합베이스분말,null,0,null
홍합분말,null,0,null
홍합볼,null,0,null
건조홍합,null,0,null
오징어조미분말홍합엑기스분말,null,0,null
홍합추출물,null,0,null
멸치홍합스톡,null,0,null
홍합조미분,null,0,null
홍합엑기스분말,null,0,null
볶은참깨가루,참깨,false,null
참깨향,참깨,false,null
볶음참깨분,참깨,false,null
참깨와김고명,참깨,false,null
볶음참깨,참깨,false,null
조미참깨용조미액,참깨,false,null
참깨강정,참깨,false,null
검정참깨페이스트,참깨,false,null
솔솔참깨,참깨,false,null
검은참깨,참깨,false,null
조미참깨,참깨,false,null
참깨분말,참깨,false,null
농가참깨가루,참깨,false,null
조미참깨용,참깨,false,null
참깨씨즈닝오일,참깨,false,null
볶음참깨분말,참깨,false,null
볶은참깨분말,참깨,false,null
참깨향기름,참깨,false,null
참깨추출유,참깨,false,null
볶은참깨,참깨,false,null
검은참깨페이스트,참깨,false,null
참깨가루,참깨,false,null
참맛참깨,참깨,false,null
농가볶은참깨,참깨,false,null
고소한참깨야채볶음,참깨,false,null
흑볶음참깨,참깨,false,null
볶음흑참깨,참깨,false,null
찹쌀풀참깨흑임자드레싱,참깨,false,null
참깨조미분말,참깨,false,null
국산참깨,참깨,false,null
볶음검은참깨,참깨,false,null
통참깨,참깨,false,null
참깨버터분말,참깨,false,null
옛날볶음참깨분말,참깨,false,null
유기농참깨,참깨,false,null
참깨,참깨,false,null
검정참깨,참깨,false,null
볶음참깨가루,참깨,false,null
탈지참깨분말,참깨,false,null
맛있는참깨야채볶음,참깨,false,null
볶은참깨분,참깨,false,null
토미토,토마토,false,null
토마투,토마토,false,null
토마토함유식품,토마토,false,null
토마토함유,토마토,false,null
토마토페이스트,토마토,false,null
유기농토마토페이스트,토마토,false,null
방울토마토페이스트,토마토,false,null
토마토페이스토,토마토,false,null
토마토케챂,토마토,false,null
토마토페이스트,토마토,false,null
토마토케첩,토마토,false,null
토마토캐찹,토마토,false,null
토마토케첩골드,토마토,false,null
건조토마토,토마토,false,null
토마토페잇트,토마토,false,null
부이토니토마토쿨리,토마토,false,null
토마토색소,토마토,false,null
토마토퓨레시럽,토마토,false,null
토마토통조림,토마토,false,null
토마토스파게티소스,토마토,false,null
토마토파우다,토마토,false,null
유기농토마토페이스트,토마토,false,null
토마토찹,토마토,false,null
토마토과즙,토마토,false,null
커리토마토소스,토마토,false,null
토마토크러쉬드,토마토,false,null
토마토소스,토마토,false,null
토마토함량,토마토,false,null
토마토페이스,토마토,false,null
토마토스파케티소스,토마토,false,null
방울토마토,토마토,false,null
토마토홀,토마토,false,null
필드프럼토마토,토마토,false,null
토마토로,토마토,false,null
토마토농축액,토마토,false,null
토마토향미유,토마토,false,null
토마토엔바질맛시즈닝,토마토,false,null
토마토캐챂,토마토,false,null
방울토마토페이스트,토마토,false,null
토마토스파게티소스분말,토마토,false,null
동결건조토마토스파게티,토마토,false,null
마르게리타다이스토마토,토마토,false,null
토마토캐첩,토마토,false,null
토마토스페이스,토마토,false,null
토마토가공품,토마토,false,null
콘센트레이티드크러쉬드토마토,토마토,false,null
맥앤토마토소스,토마토,false,null
토마토퓨레,토마토,false,null
토마토주스,토마토,false,null
토마틴,토마토,false,null
토마토페이스트함량은가용성고형분,토마토,false,null
토마토펄프,토마토,false,null
토마토쥬수,토마토,false,null
홀토마토,토마토,false,null
파인리찹토마토,토마토,false,null
유기농토마토파우더,토마토,false,null
토마토쥬스,토마토,false,null
볶음토마토분말,토마토,false,null
칠리토마토소스,토마토,false,null
다이스드토마토,토마토,false,null
토마토케찹,토마토,false,null
토마토농축퓨레,토마토,false,null
토마토레드,토마토,false,null
생가득토마토소스,토마토,false,null
홀필드토마토,토마토,false,null
벨오또콘센트레이티드크러쉬드토마토,토마토,false,null
토마토다이스,토마토,false,null
당근캐비지토마토소테,토마토,false,null
농축토마토,토마토,false,null
토마토향,토마토,false,null
상큼한토마토케찹,토마토,false,null
토마토스테이크소스,토마토,false,null
칠리토마토스파게티소스,토마토,false,null
토마토피자소스,토마토,false,null
토마토,토마토,false,null
크러시드토마토,토마토,false,null
토마토즙으로,토마토,false,null
동결건조토마토분말,토마토,false,null
크러쉬드토마토,토마토,false,null
토마토분말,토마토,false,null
토마토분,토마토,false,null
토마토케쳡,토마토,false,null
콜스그라운드토마토,토마토,false,null
자연드림상큼한토마토케찹,토마토,false,null
토마토쿨리,토마토,false,null
다이스토마토,토마토,false,null
토마토페이스토,토마토,false,null
토마토케챂,토마토,false,null
토마토페이스트,토마토,false,null
토마토케첩,토마토,false,null
토마토캐찹,토마토,false,null
토마토케첩골드,토마토,false,null
건조토마토,토마토,false,null
토마토페잇트,토마토,false,null
부이토니토마토쿨리,토마토,false,null
토마토색소,토마토,false,null
토마토퓨레시럽,토마토,false,null
토마토통조림,토마토,false,null
토마토스파게티소스,토마토,false,null
토마토파우다,토마토,false,null
유기농토마토페이스트,토마토,false,null
토마토찹,토마토,false,null
토마토과즙,토마토,false,null
커리토마토소스,토마토,false,null
토마토크러쉬드,토마토,false,null
토마토소스,토마토,false,null
토마토함량,토마토,false,null
토마토페이스,토마토,false,null
토마토스파케티소스,토마토,false,null
방울토마토,토마토,false,null
토마토홀,토마토,false,null
필드프럼토마토,토마토,false,null
토마토로,토마토,false,null
토마토농축액,토마토,false,null
토마토향미유,토마토,false,null
토마토엔바질맛시즈닝,토마토,false,null
토마토캐챂,토마토,false,null
방울토마토페이스트,토마토,false,null
토마토스파게티소스분말,토마토,false,null
동결건조토마토스파게티,토마토,false,null
마르게리타다이스토마토,토마토,false,null
토마토캐첩,토마토,false,null
토마토스페이스,토마토,false,null
토마토가공품,토마토,false,null
콘센트레이티드크러쉬드토마토,토마토,false,null
맥앤토마토소스,토마토,false,null
토마토퓨레,토마토,false,null
토마토주스,토마토,false,null
토마토페이스트함량은가용성고형분,토마토,false,null
토마토펄프,토마토,false,null
토마토쥬수,토마토,false,null
홀토마토,토마토,false,null
파인리찹토마토,토마토,false,null
유기농토마토파우더,토마토,false,null
토마토쥬스,토마토,false,null
볶음토마토분말,토마토,false,null
칠리토마토소스,토마토,false,null
다이스드토마토,토마토,false,null
토마토케찹,토마토,false,null
토마토농축퓨레,토마토,false,null
토마토레드,토마토,false,null
생가득토마토소스,토마토,false,null
홀필드토마토,토마토,false,null
벨오또콘센트레이티드크러쉬드토마토,토마토,false,null
토마토다이스,토마토,false,null
당근캐비지토마토소테,토마토,false,null
농축토마토,토마토,false,null
토마토향,토마토,false,null
상큼한토마토케찹,토마토,false,null
토마토스테이크소스,토마토,false,null
칠리토마토스파게티소스,토마토,false,null
토마토피자소스,토마토,false,null
토마토,토마토,false,null
크러시드토마토,토마토,false,null
토마토즙으로,토마토,false,null
동결건조토마토분말,토마토,false,null
크러쉬드토마토,토마토,false,null
토마토분말,토마토,false,null
토마토분,토마토,false,null
토마토케쳡,토마토,false,null
콜스그라운드토마토,토마토,false,null
자연드림상큼한토마토케찹,토마토,false,null
토마토쿨리,토마토,false,null
다이스토마토,토마토,false,null
토마도,토마토,false,null
헤이즐넛초코크림,헤이즐넛,true,호두
헤이즐넛페이스트,헤이즐넛,true,호두
천연헤이즐넛행,헤이즐넛,true,호두
헤이즐넛프랄린,헤이즐넛,true,호두
헤이즐넛분말,헤이즐넛,true,호두
헤이즐넛페이스트분말,헤이즐넛,true,호두
헤이즐넛액,헤이즐넛,true,호두
천연헤이즐넛향,헤이즐넛,true,호두
헤이즐넛,헤이즐넛,true,호두
구운헤이즐넛,헤이즐넛,true,호두
헤이즐넛향,헤이즐넛,true,호두
헤이즐넛초코시럽,헤이즐넛,true,호두
헤이즐넛스프레드위드코코아,헤이즐넛,true,호두
호두함유,호두,false,null
호두마른정과,호두,false,null
호두알갱이,호두,false,null
콩고물호두,호두,false,null
호두향,호두,false,null
호두,호두,false,null
호두혼합견과페이스트,호두,false,null
호두유,호두,false,null
호두이상국산,호두,false,null
당코팅호두분태,호두,false,null
호두분태,호두,false,null
호두살,호두,false,null
허니버터호두,호두,false,null
호두분,호두,false,null
호두향분말,호두,false,null
호두액,호두,false,null
호두페이스트,호두,false,null
호두분말,호두,false,null
호도,호두,false,null
키위그레이프식초,키위,false,null
키위시럽,키위,false,null
그린키위퓨레,키위,false,null
그린키위,키위,false,null
키위농축과실즙,키위,false,null
키위,키위,false,null
키위홀청크,키위,false,null
키위퓨레,키위,false,null
키위추출물,키위,false,null
냉동키위,키위,false,null
키위과즙분말,키위,false,null
천연키위향,키위,false,null
키위향,키위,false,null
키위맛,키위,false,null
골드키위농축퓨레,키위,false,null
키위농축액,키위,false,null
골든키위,키위,false,null
골드키위,키위,false,null
키위씨앗,키위,false,null
골드키위퓨레,키위,false,null
딸기키위혼합농축과즙,키위,false,null
키위가당퓨레,키위,false,null
키위농축과즙,키위,false,null
참존키위,키위,false,null
골드키위농축액,키위,false,null
키위즙,키위,false,null
키위엑키스,키위,false,null
키위퓨레시드인,키위,false,null
사과식초,사과,true,복숭아
발효사과농축액,사과,true,복숭아
친환경사과과즙,사과,true,복숭아
유기농사과농주스농축액,사과,true,복숭아
사과발효식초,사과,true,복숭아
사과퓌레,사과,true,복숭아
사과즙,사과,true,복숭아
내열성사과필링,사과,true,복숭아
가당사과다이스,사과,true,복숭아
청사과색소,사과,true,복숭아
사과퓨레잼,사과,true,복숭아
사과즙분말,사과,true,복숭아
국내산사과농축과즙,사과,true,복숭아
사과칩,사과,true,복숭아
천얀사과향,사과,true,복숭아
사과쥬스,사과,true,복숭아
사과다이스잼,사과,true,복숭아
동결건조생생사과,사과,true,복숭아
유기농사과퓨레,사과,true,복숭아
동결건조사과분말,사과,true,복숭아
사과분말향,사과,true,복숭아
생사과,사과,true,복숭아
사과농충액,사과,true,복숭아
사과농축과즙,사과,true,복숭아
사과농축액,사과,true,복숭아
유기농사과농축과즙,사과,true,복숭아
사과과즙으로,사과,true,복숭아
사과식초농축사과즙,사과,true,복숭아
사과후레바,사과,true,복숭아
사과농축액크리어,사과,true,복숭아
사과시즈닝분말,사과,true,복숭아
사과향분말,사과,true,복숭아
사과농축과실즙,사과,true,복숭아
유기농사과즙,사과,true,복숭아
사과과즙,사과,true,복숭아
사과분,사과,true,복숭아
코팅사과산,사과,true,복숭아
청사과레진,사과,true,복숭아
새콤달콤사과소스,사과,true,복숭아
당근사과즙,사과,true,복숭아
현미사과식초,사과,true,복숭아
사과향,사과,true,복숭아
유기농사과농축액,사과,true,복숭아
유기사과,사과,true,복숭아
사과혼탁농축과즙,사과,true,복숭아
천연사과농축과즙,사과,true,복숭아
발효사과분말,사과,true,복숭아
사과퓨레,사과,true,복숭아
저농약사과,사과,true,복숭아
동결건조사과,사과,true,복숭아
사과다이스,사과,true,복숭아
사과로,사과,true,복숭아
동결건조사과가루,사과,true,복숭아
사과청정농축액,사과,true,복숭아
천연사과향,사과,true,복숭아
사과과실즙으로,사과,true,복숭아
사과착즙액,사과,true,복숭아
사과청정,사과,true,복숭아
사과,사과,true,복숭아
사과농축과즙액,사과,true,복숭아
사과과즙농축액,사과,true,복숭아
사과산,사과,true,복숭아
사과맛,사과,true,복숭아
당적사과다이스,사과,true,복숭아
사과페이스트,사과,true,복숭아
사과혼탁쥬스,사과,true,복숭아
사과냉동다이스,사과,true,복숭아
사과에센스,사과,true,복숭아
농축사과즙,사과,true,복숭아
사과쨈,사과,true,복숭아
사과다이스사과,사과,true,복숭아
사과혼합농축과즙,사과,true,복숭아
사과농축크라우디,사과,true,복숭아
사과잼,사과,true,복숭아
사과시럽,사과,true,복숭아
청사과농축액,사과,true,복숭아
사과후레이버,사과,true,복숭아
사과맛소스,사과,true,복숭아
사과추출물,사과,true,복숭아
사과농축엑기스,사과,true,복숭아
유기농골든사과농축과즙,사과,true,복숭아
유리농골든사과주스농축액,사과,true,복숭아
사과배소불고기양념,사과,true,복숭아
농축사과과즙액,사과,true,복숭아
환만사과식초,사과,true,복숭아
건조사과,사과,true,복숭아
사과맛필링,사과,true,복숭아
농축사과과즙,사과,true,복숭아
농축사과과실즙,사과,true,복숭아
사과농축분말,사과,true,복숭아
마늘사과식초,사과,true,복숭아
사과향혼합제제,사과,true,복숭아
가당사과,사과,true,복숭아
농죽사과즙,사과,true,복숭아
사과청징농축액,사과,true,복숭아
유기농사과쥬스농축액,사과,true,복숭아
사과과즙으로환원기준,사과,true,복숭아
유기농사과식초,사과,true,복숭아
사과올리고당믹스,사과,true,복숭아
사과분말,사과,true,복숭아
혼합사과농축액,사과,true,복숭아
사과즙식초,사과,true,복숭아
사과과즙분말,사과,true,복숭아
배퓨레배,배,true,복숭아
배퓌레,배,true,복숭아
배,배,true,복숭아
배엑기스,배,true,복숭아
유자와배,배,true,복숭아
유기농배농축액,배,true,복숭아
발효배농축액,배,true,복숭아
천연배향,배,true,복숭아
배과즙,배,true,복숭아
배칩,배,true,복숭아
배농축,배,true,복숭아
배농축과즙액,배,true,복숭아
배과즙으로,배,true,복숭아
배과즙농축액,배,true,복숭아
배농출액,배,true,복숭아
농축배쥬스,배,true,복숭아
배착즙액,배,true,복숭아
배즙,배,true,복숭아
배음료,배,true,복숭아
유기농배농축과즙,배,true,복숭아
배향,배,true,복숭아
배농축과즙,배,true,복숭아
배쥬스농축액,배,true,복숭아
자두과즙으로,체리,true,복숭아
자두맛,체리,true,복숭아
자두농축과즙,체리,true,복숭아
자두농축액,체리,true,복숭아
자두향,체리,true,복숭아
자두,체리,true,복숭아
자두농축과실즙,체리,true,복숭아
체리추출농축물분말,체리,true,복숭아
체리과즙농축액,체리,true,복숭아
체리레드,체리,true,복숭아
천연라즈베리체리향,체리,true,복숭아
건조체리,체리,true,복숭아
다크스위트체리농축분말,체리,true,복숭아
체리초코볼,체리,true,복숭아
디종체리스피릿,체리,true,복숭아
다크스위트체리베이스,체리,true,복숭아
체리농축액,체리,true,복숭아
체리맛,체리,true,복숭아
다크스위트체리농축과즙,체리,true,복숭아
마라시노레드체리,체리,true,복숭아
천연체리향,체리,true,복숭아
체리농축액분발,체리,true,복숭아
체리향,체리,true,복숭아
체리농축과즙,체리,true,복숭아
체리향분말,체리,true,복숭아
체리,체리,true,복숭아
체리농축퓨레,체리,true,복숭아
디중체리스피릿,체리,true,복숭아
체리향키베이스,체리,true,복숭아
다크스위트체리농축액,체리,true,복숭아
체리농축과실즙,체리,true,복숭아
체리시럽,체리,true,복숭아
체리너겟,체리,true,복숭아
딸기체리시럽,체리,true,복숭아
체리농축분말,체리,true,복숭아
자두과즙으로,자두,true,복숭아
자두맛,자두,true,복숭아
자두농축과즙,자두,true,복숭아
자두농축액,자두,true,복숭아
자두향,자두,true,복숭아
자두,자두,true,복숭아
자두농축과실즙,자두,true,복숭아
유기농보리쌀,보리,true,밀
보리혼합추출액,보리,true,밀
검정보리,보리,true,밀
보리가루,보리,true,밀
강황찰보리,보리,true,밀
보리풀,보리,true,밀
새싹보리,보리,true,밀
유기농보리추출액,보리,true,밀
볶음보리분,보리,true,밀
볶은보리분말,보리,true,밀
홍국찰보리,보리,true,밀
볶은겉보리,보리,true,밀
맥문동보리추출액배합성분비,보리,true,밀
무농약찰보리분말,보리,true,밀
통보리,보리,true,밀
검정보리쌀,보리,true,밀
발아겉보리,보리,true,밀
발아쌀보리,보리,true,밀
자수정찰보리쌀,보리,true,밀
볶음보리분말,보리,true,밀
유기농볶은보리,보리,true,밀
보리증류식소주원액,보리,true,밀
발아보리분말,보리,true,밀
구운보리새우우린육수,보리,true,밀
유기농보리가루,보리,true,밀
쌀보리분말,보리,true,밀
쌀보리,보리,true,밀
세이보리분말,보리,true,밀
볶은보리추출액,보리,true,밀
보리건빵,보리,true,밀
보리쌀,보리,true,밀
무농약새싹보리,보리,true,밀
검은콩보리밥,보리,true,밀
보리추출파우더,보리,true,밀
보리엿기름추출액,보리,true,밀
보리플레이크,보리,true,밀
찰보리가루,보리,true,밀
겉보리,보리,true,밀
보리분말,보리,true,밀
늘보리,보리,true,밀
유기농찰보리쌀,보리,true,밀
무농약보리분말,보리,true,밀
보리추출분말,보리,true,밀
보리추출액,보리,true,밀
검정콩보리밥,보리,true,밀
깨보리가루,보리,true,밀
압착보리,보리,true,밀
보리,보리,true,밀
로스트세이보리엑기스,보리,true,밀
찐보리,보리,true,밀
국산보리,보리,true,밀
보리당근농축액,보리,true,밀
무농약찰보리,보리,true,밀
동결건조보리분말,보리,true,밀
발아보리,보리,true,밀
겉보리엿기름,보리,true,밀
보리싹,보리,true,밀
무농약보리,보리,true,밀
보리엿기름,보리,true,밀
유기농보리현미추출액,보리,true,밀
보리농축액,보리,true,밀
보리증류식소주원맥,보리,true,밀
뮤슬리보리,보리,true,밀
찰보리,보리,true,밀
보리추출농축액,보리,true,밀
유기농보리,보리,true,밀
보리분,보리,true,밀
보리어린잎분말,보리,true,밀
보리맥아추출물,보리,true,밀
유기통찰보리쌀,보리,true,밀
유기농발아찰보리,보리,true,밀
통보리분말,보리,true,밀
조미보리멸,보리,true,밀
볶은보리,보리,true,밀
