rnum,prdlstreportno,productgb,prdlstnm,rawmtrl,allergy,nutrient,barcode,prdkind,prdkindstate,manufacture,seller,capacity,imgurl1,imgurl2
1,201705484642 ,식품,국산콩두부두모,"대두100%(국산),천연원료식물성유산균천일염응고제(조제해수염화마그네슘,현미유,식물성유산균발효액 ENT)",알수없음,"100g당/총 내용량 300g
열량 80kcal, 나트륨 0% 0mg, 탄수화물 0% 1g, 당류 0% 0g, 지방 7% 3.8g, 트랜스지방 0g, 포화지방 4% 0.6g, 콜레스테롤 0% 0mg, 단백질 22% 12g
1일 영양성분 기준치에 대한 비율(%)은 2,000 kcal 기준이므로 개인의 필요 열량에 따라 다를 수 있습니다.",8801024949960 ,두부,알수없음,대상㈜구미공장_경상북도 구미시 산동면 첨단기업5로 48-38,대상㈜횡성공장_강원도 횡성군 횡성읍 청용길 15,300g,http://fresh.haccp.or.kr/prdimg/2017/201705484642/201705484642-1.jpg,http://fresh.haccp.or.kr/prdimg/2017/201705484642/201705484642-2.jpg
2,201705484641 ,식품,국산콩고소한두부,"대두100%(국산), 천연원료식물성유산균천일염응고제(조제해수염화마그네슘, 현미유, 식물성유산균발효액ENT)",대두,"100g당 / 총 내용량 400g
열량80kcal, 나트륨0mg 0%, 탄수화물1g 0%, 당류0g 0%, 지방4.7g 9%, 트랜스지방0g, 포화지방0.8g 5%, 콜레스테롤0mg 0%, 단백질8g 15% 
1일 영양성분 기준치에 대한 비율(%)은 2,000kcal 기준이므로 개인의 필요 열량에 따라 다를 수 있습니다.",8801024051519 ,두부,알수없음,대상㈜ 구미공장_경상북도 구미시 산동면 첨단기업5로 48-38,대상㈜ 횡성공장_강원도 횡성군 횡성읍 청용길 15,400g(320kcal),http://fresh.haccp.or.kr/prdimg/2017/201705484641/201705484641-1.jpg,http://fresh.haccp.or.kr/prdimg/2017/201705484641/201705484641-2.jpg
3,201705037815 ,식품,목포미항 재래김,"재래김65%,옥배유(수입산30.4%),참기름(인도산2%),천일염(국내산2%),생강0.3%,감초뿌리(0.3%)",알수없음,알수없음,알수없음,조미김,알수없음,유한회사 청해에스앤에프_전남 목포시 전라남도 목포시 대양산단로125번길 139 (대양동),_,20g(100kcal),http://fresh.haccp.or.kr/prdimg/2017/201705037815/201705037815-1.jpg,http://fresh.haccp.or.kr/prdimg/2017/201705037815/201705037815-2.jpg
4,201704902541 ,식품,빛깔좋은 고춧가루,건고추(국산)100%,알수없음,알수없음,알수없음,고춧가루,알수없음,농업회사법인(유)청림_전라북도 정읍시 소성면 식품특화로 53,_,1kg,http://fresh.haccp.or.kr/prdimg/2017/201704902541/201704902541-1.jpg,http://fresh.haccp.or.kr/prdimg/2017/201704902541/201704902541-2.jpg
5,201704760012 ,축산물,미소담은 돈까스,"돼지고기68.95%(국내산),우리밀빵가루[밀가루89%(국내산),해바라기유(수입산),생이스트,유기농설탕,소금],우리밀튀김가루[밀가루78.17%(국내산),감자전분(국내산),발아통밀가루(국내산),현미,구운소금],정제수","돼지고기,밀 함유",알수없음,8809549135325 ,분쇄가공육제품,비살균제품,㈜그린팜푸드 농업회사법인 전주완주군봉동읍은하율소로179-47,㈜그린팜푸드 농업회사법인 전주완주군봉동읍은하율소로179-47,480g,http://fresh.haccp.or.kr/prdimg/2017/201704760012/201704760012-1.jpg,http://fresh.haccp.or.kr/prdimg/2017/201704760012/201704760012-2.jpg
6,201704760011 ,축산물,미소담은 한우장조림,"한우32.2%(국내산),정제수,깐메추리알26.6%(국내산),양조간장[대두(국산),천일염(국산),소맥(밀,국산),과당,주정,영양강화제],꽈리고추(국내산),갈색설탕,가쓰오부시추출액,청주,정제소금,효모추출물","대두,밀,소고기,메추리알 함유",알수없음,8809549138111 ,혼합식육추출가공품,살균제품,㈜그린팜푸드 농업회사법인 전주완주군봉동읍은하율소로179-47,㈜그린팜푸드 농업회사법인 전주완주군봉동읍은하율소로179-47,150g,http://fresh.haccp.or.kr/prdimg/2017/201704760011/201704760011-1.jpg,http://fresh.haccp.or.kr/prdimg/2017/201704760011/201704760011-2.jpg
7,2017046701912 ,식품,꿀 고구마 말랭이,꿀고구마 100%(국내산),알수없음,"60g, 열량185kcal, 탄수화물45g, 당류18g, 단백질2g, 지방0g, 콜레스테롤0mg, 나트륨37mg",알수없음,서류가공품,알수없음,농업회사법인㈜축복의열매_충남 금산군 복수면 용천로 910,_,60g,http://fresh.haccp.or.kr/prdimg/2017/2017046701912/2017046701912-1.jpg,http://fresh.haccp.or.kr/prdimg/2017/2017046701912/2017046701912-2.jpg
8,201704670191 ,식품,반건조 호박고구마 말랭이,호박고구마100%(국내산),알수없음,"영양성분60g, 열량189kcal, 탄수화물45g, 당류18g, 단백질2g, 지방0g, 콜레스테롤0mg, 나트륨37mg",알수없음,서류가공품,알수없음,농업회사법인㈜축복의열매_충남 금산군 복수면 용천로 910,_,60g,http://fresh.haccp.or.kr/prdimg/2017/201704670191/201704670191-1.jpg,http://fresh.haccp.or.kr/prdimg/2017/201704670191/201704670191-2.jpg
9,2017038323133 ,식품,레인보우큐브MIX,"생치즈54.549%미국산(살균우유,살균크림,정제소금,로커스트콩검,구아검등),화인휘프5000(가공유지,유크림,유지방,정제야자경화유, 살균우유등),복분자레진 [백설탕,물엿,복분자주,산머루농축액(국내산),합성착향로(복분자향)등],바나나레진 [폴리글리시톨시럽,물엿,합성착향료(바나나향),바나나시럽,백설탕등],청사과레진 [백설탕,물엿,합성착향료(사과향),사과농축과즙,알긴산나트륨등],메론레진 [백설탕,물엿,합성착향료(메론향),멜론농축과즙액,알긴산나트륨등] ,블루베리시럽 [백설탕,물엿,합성착향료(메론향),멜론농축과즙액,알긴산나트륨등] ,블루베리시럽 [백설탕,물엿,딸기과즙농축액,합성착향료(딸기향),알긴산나트륨등] ,망고시럽[망고퓨레34%(인도산),백설탕,망고농축액(이스라엘산),물엿,L-주석산등],물엿,살균우유,옥수수전분(수입산),젤라틴(돼지)(독일산),치즈향(합성착향료,에틸말톨,프로필렌글리콜), 초코레진다크 [액상과당,카라멜색소,코코아분말(미국산),코코아엑기스(코코아,검정콩고형분),유크림등)","우유,대두,밀,돼지고기",알수없음,알수없음,알수없음,알수없음,㈜단미푸드_강원도 원주시 호저면 매호로 251,㈜단미푸드_강원도 원주시 호저면 매호로 251,1pack당50.4g(5.6g×9ea),http://fresh.haccp.or.kr/prdimg/2017/2017038323133/2017038323133-1.jpg,http://fresh.haccp.or.kr/prdimg/2017/2017038323133/2017038323133-2.jpg
10,2017034706038 ,식품,더 오일 올리진,"카놀라유80%(호주산), 올리브유20%(스페인산)",알수없음,"총 내용량 4,580g 100g당 900kcal
<100g당 1일 영양성분 기준치에 대한 비율>
나트륨0mg 0%, 탄수화물0g 0%, 당류0g 0%, 지방100g 185%, 트랜스지방0g, 포화지방12g 80%, 콜레스테롤0mg 0%, 단백질0g 0%
1일 영양성분 기준치에 대한 비율(%)은 2,000kcal 기준이므로 개인의 필요 열량에 따라 다를 수 있습니다.",알수없음,혼합식용유,알수없음,㈜비앤비코리아_경기도 용인시 처인구 포곡읍 금어로 522,_,"5L(4.58kg,25℃/41,220kcal)",http://fresh.haccp.or.kr/prdimg/2017/2017034706038/2017034706038-1.jpg,http://fresh.haccp.or.kr/prdimg/2017/2017034706038/2017034706038-2.jpg
11,20170275045106 ,식품,한끼초밥불초밥,"그릴스시[돼지고기80.55%(지방일부사용/국산),배퓨레3.36%(국산),설탕,간장{양조간장원액(탈지대두:인도산),대파,숯불갈비맛엑기스],쌀,스시초[설탕,양조식초,정제소금],L-글루탐산나트륨(향미증진제),숯불바베큐소스{불맛소스},초생강,간장,생와사비,소스,혼합식용유,정제수","쇠고기,돼지고기,대두,우유,밀,토마토,조개류(굴)","[총제공량/1회제공량] : 1,[1회제공량 칼로리(Kcal)] : 460,[영양표시] : 나트륨1,318mg,탄수화물69g,당류10g,지방12g,트랜스지방0g,포화지방29g,콜레스테롤44mg,단백질19g",8809581907492210 ,즉석섭취식품,알수없음,"㈜탭스푸드서비스_경기도 성남시 중원구 갈마치로 215,B-401","㈜탭스푸드서비스_경기도 성남시 중원구 갈마치로 215,B-401",알수없음,http://fresh.haccp.or.kr/prdimg/2017/20170275045106/20170275045106-1.jpg,http://fresh.haccp.or.kr/prdimg/2017/20170275045106/20170275045106-1.jpg
12,2017026212211 ,식품,파코니뉴욕치즈,"우유(국내산),당류가공품1(설탕,엑스포젤베이스아메리카,포도당,혼합탈지분유,네우트리네우트로),설탕,당류가공품2[전지분유,말토덱스트린,포도당,탈지분유,건조무지방요구르트{탈지분유,유산균(스트렌토코커스써모필러스,락토바실러스불가리커스)},구연산,천연요구르트향],자연치즈[파마산치즈분말97%,(미국산/부분탈지우유,치즈컬쳐,렌넷,정제소금),셀룰로우스파우더],혼합제제1(구아검,카르복시메틸셀룰로오스나트륨,타라검,포도당,말토덱스트린),당류가공품3[설탕,포도당,푸드젤리(우피유래젤라틴)],혼합제제2[정제수,프로필렌글리콜,혼합제제(코치닐추출색소,적양배추색소),치자황색소],혼합제제3[프로필렌글리콜,정제수,홍화황색소,산도조절제,Shadelemonyellow(홍화황색소,산도조절제,레몬쥬스,설탕),락색소],치자청색소,홍국색소",우유,"[총제공량/1회제공량] : 1,[1회제공량 칼로리(Kcal)] : 111,[영양표시] : 나트륨69mg,탄수화물12g,당류12g,지방6g,트랜스지방0g,포화지방4.7g,콜레스테롤7mg,단백질3g",알수없음,아이스밀크,알수없음,주식회사 아이스팩토리제1공장_경기도 의왕시 진터골길6,주식회사 아이스팩토리제1공장_경기도 의왕시 진터골길6,알수없음,http://fresh.haccp.or.kr/prdimg/2017/2017026212211/2017026212211-1.jpg,http://fresh.haccp.or.kr/prdimg/2017/2017026212211/2017026212211-2.jpg
13,20170262050117 ,축산물,이종임의 LA갈비 양념구이,"소고기(갈비:미국산)60%,이종임의 LA갈비소스[정제수,백설소양념[혼합간장{아미노산액(탈지대두:외국산/미국,인도,중국등)},양조간장원액,정제소금,양파퓨레,배퓨레],진간장[탈지대두{외국산(인도산,미국산,중국산)},액상과당,천일염(호주산),효소처리스테비아],백설탕,물엿,배농축액,냉동마늘(국산),냉동양파(국산),사과농축액,미향,액상과당,다진생강(국산),흑후추,정제소금,카라멜색소비에이,냉동키위,파인애플,헥산,구연산(산도조절제),다시마분말(국산),건표고버섯분말(국산)]40%","소고기,대두,밀 함유",알수없음,알수없음,양념육,가열하여 섭취하는 냉동식품/비살균제품,㈜농산에프디/경기도 안성시 양성면 양성로 376-18,알수없음,500g,http://fresh.haccp.or.kr/prdimg/2017/20170262050117/20170262050117-1.jpg,http://fresh.haccp.or.kr/prdimg/2017/20170262050117/20170262050117-2.jpg
14,2016063409563 ,식품,그랜드 젤리,"설탕,물엿,젤라틴,D-소비톨액4.78%,구연산,합성향료(요구르트향),젖산,야쿠르트유산균락토바실러스카제이배양액농축분말{야쿠르트유산균락토바실러스카제이배양액(탈염유청혼합탈지분유:네덜란드산)함량83%}0.72%,요구르트테이스터(일본산),기타식용유지가공품(정제가공유지:인도네시아산),펙틴,오렌지농축액,구연산나트륨,대두레시틴,글리세린지방산에스테르,혼합제제(비트레드,치자황색소,덱스트린),합성향료(혼합과일향)","우유,대두,돼지고기","[총제공량/1회제공량] : 1,[1회제공량 칼로리(Kcal)] : 180,[영양표시] : 나트륨15mg,탄수화물41g,당류28g,지방0.5g,트랜스지방0g,포화지방0.1g,콜레스테롤0mg,단백질3g",8801128/280020,캔디류,알수없음,㈜에스디푸드_경기도 부천시 부천로 186번길 26,㈜지에스리테일_서울특별시 강남구 논현로 508 GS타워,알수없음,http://fresh.haccp.or.kr/prdimg/2016/2016063409563/2016063409563-1.jpg,http://fresh.haccp.or.kr/prdimg/2016/2016063409563/2016063409563-2.jpg
15,201606149142 ,식품,행복한 흑염소(진),"흑염소 추출액(고형분6%이상) 100% 흑염소 (국내산),정제수,산사(국내산),창출(국내산),진피(국내산),감초(국내산), 생강(국내산), 대조(국내산),숙지황(국내산), 당귀(국내산), 백작약(국내산), 맥아(국내산)",알수없음,알수없음,알수없음,추출가공식품,알수없음,해운관광농원_경남 양산시 하북면 삼수온천길 27,해운관광농원_경남 양산시 하북면 삼수온천길 27,70ml,http://fresh.haccp.or.kr/prdimg/2016/201606149142/201606149142-1.jpg,http://fresh.haccp.or.kr/prdimg/2016/201606149142/201606149142-2.jpg
16,201606044081 ,식품,통영굴김(돌전장김),"통영굴김(전장김(돌김), 도시락(재래김))
김(국산 100%) 70%, 굴농축액(국산) 6%, 옥배유(우크라이나, 브라질) 22%, 꿀(국산) 1%, 레몬즙(이탈리아) 1%",알수없음,"<1회 제공량(2g)>
열량9.2kcal, 탄수화물0.8g (0%), 단백질0.5g (1%), 당류0g (0%), 지방0.3g (0.7%), 포화지방0g (0%), 트랜드지방0mg (0%), 나트륨23mg (1%), 콜레스테롤0mg (0%)
※ % 영양소 기준치 : 1일 영양소 기준치에 대한 비율",알수없음,알수없음,알수없음,㈜해담온_경상남도 통영시 산양읍 산양일주로 1625-17,_,전장김(돌김) 20g 6매,http://fresh.haccp.or.kr/prdimg/2016/201606044081/201606044081-1.jpg,http://fresh.haccp.or.kr/prdimg/2016/201606044081/201606044081-2.jpg
17,201605750012 ,축산물,알나라 깐 메추리알,"메추리알99.5%(국산),충전수(정제염,식초)",난류(메추리알)함유,"1회 제공량 1개(50g),총 10회 제공량(500g),1회 제공량 당 함량,%영양소 기준치,열량 65 kcal,탄수화물 2g(1%),당류 0g,식이섬유 0g,단백질 5g(9%),지방 4g(8%),포화지방 2g(13%),트랜스지방 0.00g,콜레스테롤 183mg(61%),나트륨 57mg(3%),*%영양성분기준치:1일 영양성분 기준치에 대한 비율",8809482160040 ,알가공품,염지란/살균제품,농업회사법인㈜새한푸드/경상남도 창녕군 계성면 광계로 393,알수없음,500g,http://fresh.haccp.or.kr/prdimg/2016/201605750012/201605750012-1.jpg,http://fresh.haccp.or.kr/prdimg/2016/201605750012/201605750012-2.jpg
18,201605542172 ,식품,무량수표고버섯볶음고추장,"고추장(29.5%)[물엿, 고추양념(중국산/고춧가루2.8%), 소맥분(미국산, 호주산), 정제소금(국산), 고춧가루0.9%(중국산)], 고추장(29.5%)[물엿, 소맥분(미국산, 호주산), 고추양념:중국산/고춧가루 1.9%], 탈지대두분(중국산), 정제소금, 표고버섯(18.4%국산), 물엿, 고추장[고춧가루(1.0%국산), 찹쌀(국산), 물엿, 엿기름, 천일염], 마늘, 백설탕, 참깨, 잣, 참기름, 후추가루",알수없음,알수없음,알수없음,혼합장,알수없음,알수없음,알수없음,"300g, 600g",http://fresh.haccp.or.kr/prdimg/2016/201605542172/201605542172-1.jpg,http://fresh.haccp.or.kr/prdimg/2016/201605542172/201605542172-2.jpg
19,201605542171 ,식품,무량수한우소고기볶음고추장,"고추장(34.7%)[물엿, 고추양념(중국산/고춧가루3.3%), 소맥분(미국산, 호주산), 정제소금(국산), 고춧가루(1/1%중국산)], 소고기(22.69%국산), 고추장[물엿, 소맥분(미국산, 호주산), 고추양념(중국산/고춧가루1.1%), 탈지대두분(중국산), 정제소금], 물엿, 고추장[고춧가루(0.9%국산), 찹쌀(국산), 물엿, 엿기름, 천일염], 마늘, 백설탕, 소주, 벌꿀, 생강, 참깨, 잣, 참기름, 후추가루",알수없음,알수없음,알수없음,혼합장,알수없음,만포농산 2공장 / 경북 영주시 안정면 용주로 913-15(대한민국),알수없음,"300g, 600g",http://fresh.haccp.or.kr/prdimg/2016/201605542171/201605542171-1.jpg,http://fresh.haccp.or.kr/prdimg/2016/201605542171/201605542171-2.jpg
20,201605320319 ,축산물,그릴부어스트,"돼지고기(국내산)86.55%,요리당,간장(대두),간마늘,대파,정제염(국내산),미림,정백당,참기름,헬라빈-E[혼합제제(폴리인산나트륨,알긴산나트륨)],간생강,통깨,헤글루탈엠[L-글루타민산나트륨(향미증진제,파슬리,소금,포도당)],후추,통깨,천연돈장","돼지고기, 대두 함유","1회 제공량30g 총 약3회 제공량(80g) 1회 제공량당 : 열량57.1kcal, 탄수화물 1.8219g(0.6%), 당류 0.5946g, 단백질 4.605g(8.1%), 지방3.4881g(7.2%), 포화지방 1.1196g(7.5%), 트랜스지방0.0219g,콜레스테롤16.4985g(5.4%), 나트륨118.8111g(6%) ( )안의 수치는 1일 영양성분 기준치에 대한 비율임",알수없음,소시지류,살균제품,효자맘수제소세지협동조합 경북 포항시 남구 효자동길2번길3 054-277-9251,알수없음,"80g이상(152.268kcal,57.1kcal/1회제공량30g)",http://fresh.haccp.or.kr/prdimg/2016/201605320319/201605320319-1.jpg,http://fresh.haccp.or.kr/prdimg/2016/201605320319/201605320319-2.jpg
21,2016053203112 ,축산물,돈떡갈비맛스테이크,"돼지고기(국산)87.37%,정제염(국내산),요리당,간장(대두),마늘,대파,미림,설탕,참기름,헬라빈-E[혼합제제(리인산나트륨,알긴산나트륨)],생강,통깨,후추,헤글루탈엠[L-글루타민산나트륨(향미증진제),파슬리,소금,포도당],아질산나트륨(발색제)","돼지고기, 대두 함유",알수없음,알수없음,분쇄가공품,살균제품,효자맘수제소세지협동조합 경북 포항시 남구 효자동길2번길3,알수없음,100g이상,http://fresh.haccp.or.kr/prdimg/2016/2016053203112/2016053203112-1.jpg,http://fresh.haccp.or.kr/prdimg/2016/2016053203112/2016053203112-2.jpg
22,2016053203111 ,축산물,미트로프,"돼지고기(국산)96.78%,정제염(국내산),설탕,마늘,헬라빈-E[혼합제제(폴리인산나트륨,알긴산나트륨)],헤글루탈엠[L-글루타민산나트륨(향미증진제),파슬리,포도당,소금],미트로프[양념류(후추,메이스,고수생강,파프리카로즈마리),마늘.포도당],아질산나트륨(발색제)",돼지고기 함유,알수없음,알수없음,분쇄가공품,살균제품,효자맘수제소세지협동조합 경북 포항시 남구 효자동길2번길3,알수없음,500g이상,http://fresh.haccp.or.kr/prdimg/2016/2016053203111/2016053203111-1.jpg,http://fresh.haccp.or.kr/prdimg/2016/2016053203111/2016053203111-2.jpg
23,201605310464 ,식품,함초소금골드,"볶음소금(국산) 95%, 함초액(국산) 5%",알수없음,알수없음,알수없음,가공소금,알수없음,솔트앤그린푸드_전라남도 신안군 압해읍,_,400g,http://fresh.haccp.or.kr/prdimg/2016/201605310464/201605310464-1.jpg,http://fresh.haccp.or.kr/prdimg/2016/201605310464/201605310464-2.jpg
24,201605271103 ,식품,햇살빚은 생모시송편(동부),"쌀52.1%(국내산),동부22.1%(미얀마),모시잎20.1%(국내산),설탕,정제염",알수없음,알수없음,알수없음,떡류,가열 후 섭취 냉동식품,"번영영어조합법인_전남 영광군 영광읍 영대로 670-12, 1층",_,400g,http://fresh.haccp.or.kr/prdimg/2016/201605271103/201605271103-1.jpg,http://fresh.haccp.or.kr/prdimg/2016/201605271103/201605271103-2.jpg
25,201605250379 ,식품,멸치액젓,"멸치75%(국내산),천일염25%(국내산)",알수없음,알수없음,알수없음,액젓,알수없음,조이시푸드_전남 무안군 무안읍 무안로 342,"정도에프엔에프_서울 구로구 고척로3길 109, 1층(오류동 영성빌라)",5kg,http://fresh.haccp.or.kr/prdimg/2016/201605250379/201605250379-1.jpg,http://fresh.haccp.or.kr/prdimg/2016/201605250379/201605250379-2.jpg
26,201605250378 ,식품,새우육젓,"새우(국산)75%,천일염(국산)25%",새우,알수없음,알수없음,알수없음,알수없음,조이씨푸드_전라남도 무안군 무안읍,_,1kg,http://fresh.haccp.or.kr/prdimg/2016/201605250378/201605250378-1.jpg,http://fresh.haccp.or.kr/prdimg/2016/201605250378/201605250378-2.jpg
27,201605250373 ,식품,참 새우젓,"새우(국내산) 75%, 천일염(국산) 25%",새우,알수없음,알수없음,젓갈,알수없음,조이씨푸드_전라남도 무안군 무안읍 무안로,_,1kg,http://fresh.haccp.or.kr/prdimg/2016/201605250373/201605250373-1.jpg,http://fresh.haccp.or.kr/prdimg/2016/201605250373/201605250373-2.jpg
28,201605210539 ,식품,"터닝메카드 포도&블루베리, 홍삼","적포도농축액(적포도과즙으로5.5%,미국산)블루베리농축액(블루베리과즙으로0.5%,미국산),홍삼농축액0.005%(6년근,고형분60%이상,홍삼성분70mg/g이상,국산)정제수,정백당,구연산,구연산삼나트륨,자일리톨,젖산칼슘,비타민C,수크랄로스(합성감미료),합성착향료(포도향)",알수없음,"220ml당 함량
열량112kcal, 탄수화물28g (8%), 당류26g ,나트륨25mg (1%)",알수없음,혼합음료,알수없음,와이푸드테크(주)_전라남도 장흥군 장평면 피재로 465,_,220ml,http://fresh.haccp.or.kr/prdimg/2016/201605210539/201605210539-1.jpg,http://fresh.haccp.or.kr/prdimg/2016/201605210539/201605210539-2.jpg
29,201605210538 ,식품,"터닝메카드 사과&배, 홍삼","사과농축액(사과과즙으로8.5%,국산),배농축액(배과즙으로1%,국산),홍삼농축액0.005%(6년근,고형분60%이상,홍삼성분70mg/g이상,국산),정제수,정백당,구연산,구연산삼나트륨,자일리톨,젖산칼슘,비타민C,수크랄로스(합성감미료),합성착향료(사과향,배향)",알수없음,"220ml당 함량
열량120kcal, 탄수화물30g (9%), 당류28g, 나트륨28mg (1%)",알수없음,혼합음료,알수없음,와이푸드테크(주)_전라남도 장흥군 장평면 피재로 465,_,220ml,http://fresh.haccp.or.kr/prdimg/2016/201605210538/201605210538-1.jpg,http://fresh.haccp.or.kr/prdimg/2016/201605210538/201605210538-2.jpg
30,201605123512 ,식품,오늘쌈무와사비맛,"무60%(국산), 정제염(국산), 정제수, 빙초산(합성식초), 와사비분0.02%,와사비후레바(합성착향료)0.02%,구연산, 소르빈산칼륨(합성보존료), 삭카린나트륨(합성감미료), 그린색소PKS-3(치자청색소, 홍화황색소, 비타민C, 덱스트린), 포도당, 비타민C, 아황산나트륨(산화방지제)",알수없음,알수없음,8802847100330 ,절임류,알수없음,동화산업㈜식품사업부/전남 나주시 금천면 영산로 5751,알수없음,350g(고형량 210g),http://fresh.haccp.or.kr/prdimg/2016/201605123512/201605123512-1.jpg,http://fresh.haccp.or.kr/prdimg/2016/201605123512/201605123512-2.jpg
31,201605020134 ,축산물,남도요리명인 최용선의 회춘탕,"닭(국내산)45%,닭추출액[닭(국내산)100%]20%,천연식물혼합추출액[헛개나무20%,가시오가피15%,대추,엄나무,초석잠,갈근,당귀,황기,뽕나무,창출,정제수]20%,문어,전복,인삼,은행,대추,마늘,천일염,녹두",알수없음,알수없음,알수없음,혼합식육추출가공품,살균제품,㈜휘둘찬푸드/전라남도 함평군 학교면 동함평산단길 34-55,㈜휘둘찬푸드/전라남도 함평군 학교면 동함평산단길 34-55,1kg,http://fresh.haccp.or.kr/prdimg/2016/201605020134/201605020134-1.jpg,http://fresh.haccp.or.kr/prdimg/2016/201605020134/201605020134-2.jpg
32,201605020132 ,축산물,함평천지한우곰탕,"한우사골100%(정제수,한우잡뼈13%,한우사골7%) ※사골잡뼈육수의 가용성 고형분함량 4%",알수없음,알수없음,알수없음,단순식육추출가공품,레토르트/살균제품,㈜휘둘찬푸드/전라남도 함평군 학교면 동함평산단길 34-55,㈜휘둘찬푸드/전라남도 함평군 학교면 동함평산단길 34-55,1kg,http://fresh.haccp.or.kr/prdimg/2016/201605020132/201605020132-1.jpg,http://fresh.haccp.or.kr/prdimg/2016/201605020132/201605020132-2.jpg
33,201604941474 ,식품,진양콩으로 진하게 짜낸 꿀두유,"두유액94.8%[고형분9.5%이상(진양콩100%:국산),정제수], 벌꿀5%(국산), 천일염0.2%(국산)",대두,"총 내용량 180ml 95kal
<총 내용량당 1일 영양성분 기준치에 대한 비율>
나트륨160mg 8%, 탄수화물11g 3%, 당류4g ,지방2.5g 5%, 트렌스지방0g ,포화지방1g 7%, 콜레스테롤0mg 0%, 단백질7g 13% 
1일 영양성분 기준치에 대한 비율(%)은 2,000kal 기준이므로 개인의 필요 열량에 따라 다를 수 있습니다.",8809525790036 ,두유,살균제품,완주로컬푸드협동조합_전북 완주군 구이면 모악산길 24,푸드스테이션주식회사_전북 완주군 구이면 모악산길 24,180ml,http://fresh.haccp.or.kr/prdimg/2016/201604941474/201604941474-1.jpg,http://fresh.haccp.or.kr/prdimg/2016/201604941474/201604941474-2.jpg
34,201604930642 ,식품,심쿵1번지 군고구마 말랭이,고구마(국내산)100%,알수없음,"총 내용량100g 100g당 345kcal
<100g당 1일 영양성분 기준치에 대한 비율>
나트륨20mg 1%, 탄수화물81g 25%, 당류40g, 지방0g 0%, 트랜스지방-g, 포화지방-g -%, 콜레스테롤-mg -%, 단백질5g 9%
1일 영양성분 기준치에 대한 비율(%)은 2,000kcal 기준이므로 개인의 필요 열량에 따라 다를 수 있습니다.",알수없음,서류가공품,알수없음,공덕농협농산물가공사업소_전라북도 김제시 공덕면 공덕8길 65-1,공덕농협농산물가공사업소_전라북도 김제시 공덕면 공덕8길 65-1,100g,http://fresh.haccp.or.kr/prdimg/2016/201604930642/201604930642-1.jpg,http://fresh.haccp.or.kr/prdimg/2016/201604930642/201604930642-2.jpg
35,201604876311 ,식품,맛이젤좋은고구마말랭이,고구마(국내산)100%,알수없음,알수없음,8802121153564 ,서류가공품,알수없음,KKMC(케이케이엠씨)_전북 익산시 함라면 시와로 654,KKMC(케이케이엠씨)_전북 익산시 함라면 시와로 654,180g,http://fresh.haccp.or.kr/prdimg/2016/201604876311/201604876311-1.jpg,http://fresh.haccp.or.kr/prdimg/2016/201604876311/201604876311-2.jpg
36,2016048753632 ,식품,김도둑녹차광천김,"김65%(국산),옥배유29.5%(외국산:러시아,미국,브라질),참기름2.5%(참깨/인도산),식염2.4%(천일염/국산),녹차가루0.6%",알수없음,"총 내용량 64g 2g당 13kcal
<2g당 1일 영양성분 기준치에 대한 비율>
나트륨21.0mg 1.1%, 탄수화물0.3g 0.1%, 당류0g 0%, 지방1.1g 2.0%, 트랜스지방0g, 포화지방0.1g 0.6%, 콜레스테롤0mg 0%, 단백질0.4g 0.7%
1일 영양성분 기준치에 대한 비율(%)은 2,000 kcal 기준이므로 개인의 필요 열량에 따라 다를 수 있습니다.",8809482912007 ,조미김,알수없음,(유)동이식품_전북 익산시 함열읍 익산대로 78길 272,㈜김엔김_인천시 서구 봉수대로 503(원창동),64g(4gx16봉),http://fresh.haccp.or.kr/prdimg/2016/2016048753632/2016048753632-1.jpg,http://fresh.haccp.or.kr/prdimg/2016/2016048753632/2016048753632-2.jpg
37,201604760148 ,축산물,임성근의 수제포 갈비살,"소갈비살(미국산)60%,갈비살양념[탈지대두{외국산(인도산,미국산,중국산)},정제수,정제소금(국산),액상과당,카라멜색소,주정,효소처리스테비아,파라옥시안식향산에틸(합성보존료)],갈색설탕,배(국산),사과(국산),양파,마늘,대파,참기름,참깨,파인애플,카라멜,L-글루타민산나트륨(향미증진제),키위농축액,청양고추,생강,후추가루,인삼분말,솔잎분말)","쇠고기,대두 함유",알수없음,알수없음,양념육,냉동전비가열제품/가열후섭취냉동식품,참바다영어조합법인 멀티센터/전북 고창군 부안면 복분자로 434-36,알수없음,300g,http://fresh.haccp.or.kr/prdimg/2016/201604760148/201604760148-1.jpg,http://fresh.haccp.or.kr/prdimg/2016/201604760148/201604760148-2.jpg
38,201604760146 ,축산물,최현석 페퍼 립 스테이크,"소갈비(미국산)89%,최셰프 페퍼 오일 마리네이드7%[식물성유지{콩기름(콩:외국산)},규소수지],압착올리브유(스페인산),분말검은후추2%(검은후추홀100%:말레이시아산),바질홀,파슬리후레이크,로즈마리홀,d-토코페롤(혼합형),정제수,양파(국내산),과채가공품(베트남산/망고,파파야,용과,파인애플),백설탕,정제소금","쇠고기,대두 함유",알수없음,8809090944452 ,양념육,비살균제품,참바다영어조합법인 멀티센터/전북 고창군 부안면 복분자로 434-36,㈜현대그린푸드/경기도 용인시 수지구 문인로 30,700g,http://fresh.haccp.or.kr/prdimg/2016/201604760146/201604760146-1.jpg,http://fresh.haccp.or.kr/prdimg/2016/201604760146/201604760146-2.jpg
39,2016047601420 ,축산물,전철우 갈비살 양념구이,"소고기(갈비살 : 미국산), 전철우갈비살용양념[정제수,물엿,간장{탈지대두(외국산/인도산,미국산,중국산), 정제수,정제소금(국산), 액상과당, 카라멜색소, 주정, 효소처리스테비아, 파라옥시안식향산에틸(합성보존료)}, 갈색설탕, 배(국산),사과(국산), 양파(국산), 마늘(국산), 대파(국산), 참기름, 참깨, 파인애플, 카라멜, L-글루타민산나트륨(향미증진제),키위농축액, 청양고추(국산), 생강(국산), 후추가루, 매실원액, 귤농축액}","쇠고기,대두 함유",알수없음,알수없음,양념육,가열하여 섭취하는 냉동식품/비살균제품,참바다영어조합법인 멀티센터/전북 고창군 부안면 복분자로 434-36,㈜고향에프에스/서울시 송파구 위례성대로22길 27 데코빌딩 B1,300g,http://fresh.haccp.or.kr/prdimg/2016/2016047601420/2016047601420-1.jpg,http://fresh.haccp.or.kr/prdimg/2016/2016047601420/2016047601420-2.jpg
40,2016047601417 ,축산물,이혜정의 맛있는 LA갈비,"소고기(갈비:미국산)60%,빅마마맛있는LA갈비소스[정제수,물엿,백설탕,배퓨레{배(국내산),비타민C},파인애플청크(필리핀산){파인애플,백설탕,구연산},미향{액상과당,액상포도당,레몬식초(레몬농축과즙/레몬:이스라엘산),정제소금(국내산),주정}혼합간장(탈지대두,천일염,액상과당,소맥,카라멜색소),양파,마늘,생강,L-글루탐산나트륨(향미증진제),볶음땅콩분말,쇠고기진국다시,매실농축액,참기름,카라멜색소,후추분,베이리브분,비타민나무열매가루,잔탄검,캡사이신매운분말,영양강화제",알수없음,알수없음,알수없음,양념육,가열하여 섭취하는 냉동식품/비살균제품,참바다영어조합법인 멀티센터/전북 고창군 신림면 가평로 31,알수없음,500g,http://fresh.haccp.or.kr/prdimg/2016/2016047601417/2016047601417-1.jpg,http://fresh.haccp.or.kr/prdimg/2016/2016047601417/2016047601417-2.jpg
41,2016047601415 ,축산물,이보은의 잘 차린 밥상 잘 끓인 갈낙탕,"갈비탕 88.58%[정제수, 소고기(갈비:미국산) 25%, 이보은의 갈비탕용 육수{정제수, 양파(국산), 쇠고기다시다[정제소금(국산), 쇠고기양념분말(중국산){소맥전분, 정제소금, 건양파가루, 건마늘가루,사골엑기스분말(사골:호주산), 효소분해쇠고기엑기스분말(쇠고기: 호주산)}, L-글루탐산나트륨(향미증진제), 백설탕, 농축간장{탈지대두(외국산), 콘글루텐(뉴질랜드산)}, 포도당, 말토덱스트린,정제우지(우지: 호주산), 한우지방(한우:국산)}, 무(국산), 양조간장, 양지추출액, 대파, 마늘, 비프엑기스, 생강, 황기, 후추가루, 대추, 감초, 인삼가루, 연잎가루}], 낙지(베트남산) 11.42%",알수없음,알수없음,알수없음,혼합식육추출가공품,알수없음,참바다영어조합법인 멀티센터/전라북도 고창군 부안면 복분자로 434-36,알수없음,700g,http://fresh.haccp.or.kr/prdimg/2016/2016047601415/2016047601415-1.jpg,http://fresh.haccp.or.kr/prdimg/2016/2016047601415/2016047601415-2.jpg
42,2016047601413 ,축산물,김정민의 바르게 만든 양념 소갈비살,"소갈비살(미국산)60%, 김정민의 소갈비살양념(정제수, 물엿,간장[탈지대두(외국산:인도산,미국산,중국산),정제수,정제소금(국산),액상과당,카라멜색소,주정,효소처리스테비아,파라옥시안식향산에틸(합성보존료)}, 갈색설탕,배(국산),사과(국산),양파,마늘,대파,참기름,참깨,카라멜,L-글루타민산나트륨(향미증진제),키위농축액,청양고추,생강,후추가루,복분자,표고버섯분말]","쇠고기,대두 함유",알수없음,알수없음,양념육,가열하여 섭취하는 냉동식품/비살균제품,참바다영어조합법인 멀티센터/전북 고창군 부안면 복분자로 434-36,㈜굿프렌즈/서울시 송파구 새말로 109,300g,http://fresh.haccp.or.kr/prdimg/2016/2016047601413/2016047601413-1.jpg,http://fresh.haccp.or.kr/prdimg/2016/2016047601413/2016047601413-2.jpg
43,2016047601410 ,축산물,강강술래 소불고기,"소고기(미국산)60%,강강술래 소불고기 양념[채소육수1{정제수,무(국산)3.77%,양파(국산),3.14%,대파(국산)1.32%,청양고추(국산)0.82%},간장{탈지대두(외국산:인도산,미국산,중국산),정제수,정제소금(국산),액상과당,카라멜색소,주정,효소처리스테비아,파라옥시안식향산에틸(합성보존료)},배(국산),백설탕,미향,고과당,마늘(국산),사과(국산),참기름,후추가루,조미향미유,잔탄검,카라멜색소]","쇠고기,대두 함유",알수없음,알수없음,양념육,가열하여 섭취하는 냉동식품/비살균제품,참바다영어조합법인 멀티센터/전북 고창군 부안면 복분자로 434-36,"주식회사 전한/서울특별시 서초구 반포대로 111,4층",300g,http://fresh.haccp.or.kr/prdimg/2016/2016047601410/2016047601410-1.jpg,http://fresh.haccp.or.kr/prdimg/2016/2016047601410/2016047601410-2.jpg
44,201604733572 ,식품,새우육젓,"염장새우[새우(국내산)90%, 천일염(국내산)10%]90%,천일염(국내산)10%",새우,알수없음,8809172170823 ,젓갈,알수없음,광천수산_충남 홍성군 광천읍 홍남로 620번길 71,(주)초록마을_서울 중량구 면목로 400,200g,http://fresh.haccp.or.kr/prdimg/2016/201604733572/201604733572-1.jpg,http://fresh.haccp.or.kr/prdimg/2016/201604733572/201604733572-2.jpg
45,2016047335716 ,식품,광천토굴새우젓,"염장새우[새우(국내산)80%,천일염(국내산)20%]100%",새우,알수없음,8809137191504 ,젓갈,알수없음,㈜광천수산 제2공장_충남 홍성군 광천읍 홍남로 620번길 67,㈜초록마을_서울시 중량구 면목로 470,500g,http://fresh.haccp.or.kr/prdimg/2016/2016047335716/2016047335716-1.jpg,http://fresh.haccp.or.kr/prdimg/2016/2016047335716/2016047335716-2.jpg
46,201604720439 ,식품,오복 진한조청맛 쌀엿,쌀100%(수입산),알수없음,알수없음,알수없음,물엿,알수없음,영수식품_충남시 청양군 비봉면 홍주길 4,㈜오복식품_부산광역시 사하구 을숙도대로 867(감천동),2.45kg,http://fresh.haccp.or.kr/prdimg/2016/201604720439/201604720439-1.jpg,http://fresh.haccp.or.kr/prdimg/2016/201604720439/201604720439-2.jpg
47,201604490542 ,식품,배먹은 호랭이,"고구마80%(국내산),배 농축액20%(국내산)",알수없음,"1회 제공량(60g) 함량 일일권장량대비 : 열량 184.1kcal, 탄수화물 43.2g 13%, 당류 19.1g, 단백질 1.2g 2%, 지방 0.7g 2%, 포화지방 0.4g 2%, 트랜스지방 0g, 콜레스테롤 0mg 0%, 나트륨 20.5mg 1%",알수없음,서류가공품,질소충전제품,㈜종암푸드(풀내음)/충남 천안시 서북구 성환읍,알수없음,60g,http://fresh.haccp.or.kr/prdimg/2016/201604490542/201604490542-1.jpg,http://fresh.haccp.or.kr/prdimg/2016/201604490542/201604490542-2.jpg
48,201604480333 ,축산물,알장군A+구운계란,계란100%(국산),알 수 없음,알 수 없음,8809089317939 ,알가열성형제품,멸균제품,한보식품 충남 논산시 지산길64-4(자산동),한보식품 충남 논산시 지산길64-4(자산동),120g,http://fresh.haccp.or.kr/prdimg/2016/201604480333/201604480333-1.jpg,http://fresh.haccp.or.kr/prdimg/2016/201604480333/201604480333-2.jpg
49,201604480332 ,축산물,알장군 바비큐계란,"계란98%(국산),바비큐조미혼합소스2%",알 수 없음,알 수 없음,8809089317915 ,알가공품,살균제품,충남 논산시 지산길 64-4,충남 논산시 지산길 64-4,35gx30개입,http://fresh.haccp.or.kr/prdimg/2016/201604480332/201604480332-1.jpg,http://fresh.haccp.or.kr/prdimg/2016/201604480332/201604480332-2.jpg
50,201604480281 ,축산물,해나루 한돈 수제 치즈소시지,"돼지고기(국내산,85%),체다치즈(외국산,4.2%),정제수,천일염,백설탕,흑후추,비타민-C,복합인산염,콜라겐케이싱",알수없음,"영양성분 100g당 함량 열량 234kcal, 탄수화물 6.1g 1.8%, 당류 0.7g, 단백질17.7g 29.5%, 지방 15.5g 31%, 포화지방 6.9g 46.5%, 트랜스지방 0.1g, 콜레스테롤 66.3mg 22.1%, 나트륨 451.6mg 12.9% %수치는 1일 영양성분에 대한 수치임",알수없음,소시지,비살균제품,해나루한돈영농조합법인 충남 당진시 동부로 220.,해나루한돈영농조합법인 충남 당진시 동부로 220.,300g,http://fresh.haccp.or.kr/prdimg/2016/201604480281/201604480281-1.jpg,http://fresh.haccp.or.kr/prdimg/2016/201604480281/201604480281-2.jpg
51,2016044514631 ,식품,델몬트 파인스틱 10입/팩,파인애플100%(필리핀산),알수없음,알수없음,2500000141065 ,신선편의식품,알수없음,한국델몬트후레쉬프로듀스㈜ 음성지점_충청북도 음성군 원남면 원남산단1길 31-9,한국델몬트후레쉬프로듀스㈜ 음성지점_충청북도 음성군 원남면 원남산단1길 31-9,900g,http://fresh.haccp.or.kr/prdimg/2016/2016044514631/2016044514631-1.jpg,http://fresh.haccp.or.kr/prdimg/2016/2016044514631/2016044514631-2.jpg
52,201604451461 ,식품,델몬트파인애플,파인애플100%(필리핀산),알수없음,알수없음,2500000130588 ,신선편의식품,알수없음,한국델몬트후레쉬프로듀스㈜ 음성지점_충청북도 음성군 원남면 원남산단 1길 31-9,한국델몬트후레쉬프로듀스㈜ 음성지점_충청북도 음성군 원남면 원남산단 1길 31-9,540g,http://fresh.haccp.or.kr/prdimg/2016/201604451461/201604451461-1.jpg,http://fresh.haccp.or.kr/prdimg/2016/201604451461/201604451461-2.jpg
53,201604450016 ,식품,별미 맛김치,"절임배추81.61%[배추(국산)79.98%, 정제소금(국산)], 무(국산)4.02%, 정제수, 고춧가루(국산)2.83%, 마늘(국산), 새우젓[새우(국산)], 부추(국산), 팽화미분[백미(국산)], 멸치액젓[멸치(국산)], 대파(국산), 설탕, 감칠맛별미육수, 생강(국산), 정제소금(국산), 다시마추출액","대두, 밀, 쇠고기, 새우, 조개류(굴, 바지락) 함유","1회 제공량(50g) 총 38회 제공량(1,900g) 1회 제공량당 함량 *%영양성분 기준치 열량 17kcal, 탄수화물 2.7g 1%, 당류 1.4g, 단백질 0.9g 2%, 지방 0.2g 0%, 포화지방 0g 0%, 트랜스지방 0g, 콜레스테롤 1.3mg 0%, 나트륨 322.8mg 16% *%영양성분 기준치 : 1일 영양성분 기준치에 대한 비율",8809429239372 ,배추김치,비살균제품,㈜농업회사법인 내일식품 충북 음성군 원남면 원남산단로 80,㈜이마트 서울시 성동구 뚝섬로 377(성수동 2가),1.9kg,http://fresh.haccp.or.kr/prdimg/2016/201604450016/201604450016-1.jpg,http://fresh.haccp.or.kr/prdimg/2016/201604450016/201604450016-2.jpg
54,201604450015 ,식품,별미 포기김치,"절임배추67.07%[배추(국산)65.73%, 정제소금(국산)], 무(국산), 정제수, 고춧가루(국산), 팽화미분[백미(국산)], 부추(국산), 마늘(국산), 새우젓[새우(국산)], 대파(국산), 멸치액젓[멸치(국산)], 설탕, 감칠맛 별미육수, 생강(국산), 정제소금(국산), 다시마추출액","대두, 밀, 새우, 조개류(굴, 바지락) 함유","1회 제공량(50g) 총 70회 제공량(3,500g) 1회 제공량당 함량 *%영양성분 기준치 열량 18kcal, 탄수화물 2.5g 1%, 당류 1.8g, 단백질 0.8g 1%, 지방 0.5g 1%, 포화지방 0g 0%, 트랜스지방 0g, 콜레스테롤 0.6mg 0%, 나트륨 221.5mg 11.1% *%영양성분 기준치 : 1일 영양성분 기준치에 대한 비율",8809429238245 ,배추김치,비살균제품,㈜농업회사법인 내일식품 충북 음성군 원남면 원남산단로 80,㈜이마트 서울시 성동구 뚝섬로 377(성수동 2가),3.5kg,http://fresh.haccp.or.kr/prdimg/2016/201604450015/201604450015-1.jpg,http://fresh.haccp.or.kr/prdimg/2016/201604450015/201604450015-2.jpg
55,2016044500123 ,식품,별미 총각김치,"절임총각무[총각무(국내산)98%, 정제소금(국내산)]81.2%, 정제수, 고춧가루(국내산)2.56%, 양파(국내산)2%, 마늘(국내산) 1.28%, 멸치액젓, 대파(국내산)1%, 팽화미분(쌀:국내산)1%, 새우젓, 감칠맛별미육수, 정제소금, 생강(국내산)0.3%, 설탕","대두, 밀, 쇠고기, 조개류(굴), 새우 포함","총 내용량 1.5kg 100g 35kcal 100g당 1일 영양성분 기준치에 대한 비율 나트륨 723mg 36%, 탄수화물 5g 2%, 당류 4g 4%, 지방 1.2g 2%, 트랜스지방 0g, 포화지방 0g 0%, 콜레스테롤 0mg 0%, 단백질 1g 2% 1일 영양성분 기준치에 대한 비율(%)은 2,000kcal 기준이므로 개인의 필요 열량에 따라 다를 수 있습니다.",8809547911600 ,기타김치,비살균제품,㈜농업회사법인 내일식품 / 충청북도 음성군 원남면 원남산단로 80,㈜이마트 / 서울시 성동구 뚝섬로 377(성수동 2가),1.5kg,http://fresh.haccp.or.kr/prdimg/2016/2016044500123/2016044500123-1.jpg,http://fresh.haccp.or.kr/prdimg/2016/2016044500123/2016044500123-2.jpg
56,201604432953 ,축산물,깐쇼새우,"냉동새우(베트남산)59%,밀가루(밀:미국산,호주산),정제팜유(팜유:말레이시아산),타피오카전분(카사바파우더:베트남산),빵가루[밀가루(밀:미국산,호주산,캐나다산),정제팜유,정제소금,분말결정포도당],시즈닝분말,L-글루타민산나트륨(향미증진제),폴리인산나트륨(산도조절제),정제소금,정제수","새우,밀함유","1회 제공량(100g) 총 10회 제공량(1000g) 1회 제공량당 함량: 열량 265kcal, 탄수화물 40g (12.2%), 당류 0g, 단백질 38g (63.3%),지방 4g (8%),포화지방 0.2g (1.3%), 트랜스지방 0g (0%),  콜레스테롤 0mg (0%),  나트륨 280mg (14%) ( )안의 수치는 1일 영양소기준치에 대한 비율임",8809159653295 ,튀김식품,가열하여 섭취하는 냉동식품/비살균(유탕.유처리식품),주식회사전원푸드락-충북 진천군 이월면 진광로 558-19,주식회사전원푸드락-충북 진천군 이월면 진광로 558-19,1kg,http://fresh.haccp.or.kr/prdimg/2016/201604432953/201604432953-1.jpg,http://fresh.haccp.or.kr/prdimg/2016/201604432953/201604432953-2.jpg
57,2016044329513 ,축산물,찰순대튀김,"참맛찰순대(국내산)70%,밀가루(밀:미국,호주산),정제팜유(팜유:말레이시아산),감자전분(감자:폴란드산),타피오카전분(카사바파우더:베트남산),빵가루[밀가루(밀:미국,호주,캐나다산),정제팜유,정제소금,분말결정포도당],시즈닝분말,L-글루타민산나트륨(향미증진제),폴리인산나트륨(산도조절제),정제소금,정제수","돼지고기,밀함유",알수없음,알수없음,튀김식품,가열하여 섭취하는 냉동축산물/비살균,주식회사전원푸드락-충북 진천군 이월면 진광로 558-19,주식회사전원푸드락-충북 진천군 이월면 진광로 558-19,1kg,http://fresh.haccp.or.kr/prdimg/2016/2016044329513/2016044329513-1.jpg,http://fresh.haccp.or.kr/prdimg/2016/2016044329513/2016044329513-2.jpg
58,201604431568 ,식품,발효과학 아침낫또,"낫또[대두 100%(국산),중균],간장소스[설탕,간장,정제염,미림,양조식초,가쯔오엑기스,L-글루탐산나트륨(향미증진제),5'-이노신산이나트륨,주정,정제수](일본산),겨자소스[머스터드시드,정제염,양조식초,강황,구연산,정제수](일본산),","대두,밀","총 내용량 270g(45g×6개)1개당(45g)당90Kcal
나트륨210mg (11%), 탄수화물6g (2%), 당류1g (1%), 지방4g (7%), 트랜스지방0g, 포화지방1g (4%), 콜레스테롤0mg (0%), 단백질8g (15%)
총내용량당/나트륨1,260mg (63%), 탄수화물36g (11%), 당류6g (6%), 지방24g (44%), 트랜스지방0g, 포화지방4g (24%), 콜레스테롤0mg (0%), 단백질48g (87%)
*1일 영양성분 기준치에 대한 비율(%)은 2,000kcal 기준이므로 개인의 필요 열량에 따라 다를 수 있습니다.",알수없음,청국장,가열하지 않고 섭취하는 냉동식품,농업회사법인㈜참좋은콩_충북 진천군 덕산면 신척산단1로 70,㈜동원F&B_충북 진천군 광혜원면 광혜원 산단길 112,"270g[45g(낫또40g,간장소스4g,겨자소스1g×6개]",http://fresh.haccp.or.kr/prdimg/2016/201604431568/201604431568-1.jpg,http://fresh.haccp.or.kr/prdimg/2016/201604431568/201604431568-2.jpg
59,201604431562 ,식품,매일낫또 오리지널,"낫또[대두(국산)100%),종균],간장소스[일본산/간장, 설탕, 정제염, 미림, 양조식초, 가쯔오엑기스, L-글루타민산나트륨(향미증진제), 5'-이노신산이나트륨, 주정, 정제수], 겨자소스(일본산 / 머스터드시드,정제염, 양조식초, 강황, 구연산, 정제수)","대두, 밀",알수없음,8809031553606 ,청국장,알수없음,㈜참좋은콩_충북 진천군 덕산면 신척산단 1로 70,롯데쇼핑㈜_서울특별시 중구 남대문로 81(소공동),360g(매일낫또 오리지널 90g×4),http://fresh.haccp.or.kr/prdimg/2016/201604431562/201604431562-1.jpg,http://fresh.haccp.or.kr/prdimg/2016/201604431562/201604431562-2.jpg
60,201604431561 ,식품,나도낫또,"낫또[대두100%(국산),종균],간장소스:일본산[간장,설탕,미림,양조식초,가쯔오엑기스,L-글루타민산나트륨(향미증진제),5'-이노신산이나트륨,주정,정제수],겨자소스:일본산(머스타드시드,정제염,양조식초,강황,구연산,정제수)","대두,밀",알수없음,8809031553705 ,청국장,알수없음,(주)참좋은콩_충북 진천군 덕산면 신척산단1로 70,_,540g(나도낫또90gx6),http://fresh.haccp.or.kr/prdimg/2016/201604431561/201604431561-1.jpg,http://fresh.haccp.or.kr/prdimg/2016/201604431561/201604431561-2.jpg
61,201604336493 ,식품,임가네 고춧가루(중국산),중국산 건고추100%,알수없음,알수없음,알수없음,고춧가루,알수없음,풀잎새(주)_충북 충주시 대소원면 메가폴리스로 30,_,1kg/1봉,http://fresh.haccp.or.kr/prdimg/2016/201604336493/201604336493-1.jpg,http://fresh.haccp.or.kr/prdimg/2016/201604336493/201604336493-2.jpg
62,201604336492 ,식품,임가네 고춧가루(국산),국산 건고추 100%,알수없음,알수없음,알수없음,고춧가루,알수없음,풀잎새㈜_충북 충주시 대소원면 메가폴리스로30,_,1kg / 1봉,http://fresh.haccp.or.kr/prdimg/2016/201604336492/201604336492-1.jpg,http://fresh.haccp.or.kr/prdimg/2016/201604336492/201604336492-2.jpg
63,2016040503014 ,축산물,동그랑땡,"닭고기(국내산/기계발골육)40%,돼지고기(국내산/잡육)10%,양파(국내산)10%,돼지지방(국내산),대두단백(대두:인도산),불고기양념,불고기맛시즈닝,설탕,두부,당근,마늘,간장,후추,대파,밀가루(밀:호주산),정제팜유(팜유:말레이시아산),옥수수전분,빵가루,[밀가루(밀:미국,호주,캐나다산),정제팜유,정제소금,분말결정포도당],L-글루타민산나트륨(향미증진제),폴리인산나트륨(산도조절제),정제소금","닭고기,돼지고기,밀,대두 함유",알수없음,8809159659242 ,분쇄가공육제품,가열하여 섭취하는 냉동축산물/비살균제품(유탕.유처리식품),주식회사전원푸드락-충북 진천군 이월면 진광로 558-19,주식회사전원푸드락-충북 진천군 이월면 진광로 558-19,1kg,http://fresh.haccp.or.kr/prdimg/2016/2016040503014/2016040503014-1.jpg,http://fresh.haccp.or.kr/prdimg/2016/2016040503014/2016040503014-2.jpg
64,2016040503012 ,축산물,꿔바로우탕수육,"돈육(국내산)59%,밀가루(밀:미국산,호주산),정제팜유(팜유:말레이시아산),타피오카전분(카사바파우더:베트남산),빵가루[밀라구(밀:미국산,호주산,캐나다산),정제팜유,정제소금,분말결정포도당],시즈닝분말,L-글루타민산나트륨(향미증진제),폴리인산나트륨(산도조절제),정제소금,정제수","돼지고기,밀 함유","표시기준분량100g/총 제공량1000g 열량255kcal,단백질11g,탄수화물25g,지방13g,콜레스테롤500mg,나트륨140mg",8809465301149 ,분쇄가공육제품,가열하여 섭취하는 냉동축산물/비살균,주식회사전원푸드락-충북 진천군 이월면 진광로 558-19,주식회사전원푸드락-충북 진천군 이월면 진광로 558-19,1kg,http://fresh.haccp.or.kr/prdimg/2016/2016040503012/2016040503012-1.jpg,http://fresh.haccp.or.kr/prdimg/2016/2016040503012/2016040503012-2.jpg
65,201604050301 ,축산물,탕수육,"돈육(국내산)51%,밀가루(밀:미국산,호주산),정제팜유(팜유:말레이시아산),타피오카전분(카사바파우더:베트남산),빵가루[밀가루(밀:미국산,호주산,캐나다산),정제팜유,정제소금,분말결정포도당],시즈닝분말,L-글루타민산나트륨(향미증진제),폴리인산나트륨(산도조절제),정제소금,정제수","돼지고기,밀 함유","총내용량1,000g 100g당 223kcal, 100g당 1일 영양성분 기준치에 대한 비율,나트륨 197mg 10%,탄수화물27g 8%,당류3g 6%,지방8g 16%,트랜스지방 0g,포화지방4g 26%,콜레스테롤 12mg 2%,단백질10g 16%,1일 영양성분 기준치에 대한비율(%)은 2,000kcal기준이므로 개인의 필요 열량에 따라 다를수 있습니다.",8809159651109 ,분쇄가공육제품,가열하여 섭취하는 냉동축산물/비살균,㈜전원푸드락/충북 진천군 이월면 진광로 558-19,㈜전원푸드락 안산지점/겨읻오 안산시 상록구 원후약수길 18,"1kg(2,227kcal)",http://fresh.haccp.or.kr/prdimg/2016/201604050301/201604050301-1.jpg,http://fresh.haccp.or.kr/prdimg/2016/201604050301/201604050301-2.jpg
66,201603951165 ,식품,우리밀로 만든 두부스낵,"우리밀 밀가루(밀:국내산)36.3%,현미유(태국산),두부13.2%[대두(국내산,무농약),응고제(조제해수염화마그네슘)],유기농설탕9.91%,발아통밀가루(국내산)6.6%,유정란(국내산,무항생제),검정깨(국내산)0.99%,참깨(국내산),천일염(국내산)","대두,계란,밀","총 내용량 100g 572kcal
<총 내용량 당 1일 영양성분 기준치에 대한 비율>
나트륨237mg 12%, 탄수화물54g 17%, 당류3g 3%, 지방36g 67%, 트랜스지방0g, 포화지방8g 53%, 콜레스테롤0mg 0%, 단백질8g 15%
1일 영양성분 기준치에 대한 비율(%)은 2,000kcal기준이므로 개인의 필요 열량에 따라 다를 수 있습니다.",알수없음,과자,유탕처리제품,㈜우리밀 새말공장_강원도 횡성군 우천면 우천제2농공단지로61,㈜초록마을_서울시 중랑구 면목로 470,100g,http://fresh.haccp.or.kr/prdimg/2016/201603951165/201603951165-1.jpg,http://fresh.haccp.or.kr/prdimg/2016/201603951165/201603951165-2.jpg
67,201603951164 ,식품,우리밀 발아통밀두부과자,"밀가루42.3%(밀,국산), 현미유(태국산), 두부10.2%[대두(무농약 국산), 천연응고제(조제해수염화마그네슘)], 설탕9.91%(갈색설탕), 발아통밀가루3.6%(밀,국산), 유정란(계란/무항생제 국산), 검정깨(국산), 참깨(국산), 천일염(국산)",알수없음,"1회제공량 1/3봉지(30g)
열량145kcal, 탄수화물20g, 당류3g, 단백질3g (5%), 지방6g (12%), 포화지방2.7g (18%), 트랜스지방0.3g, 콜레스테롤0mg (0%) 나트륨110mg (6%)",알수없음,과자,알수없음,㈜우리밀 새말공장_강원도 횡성군 우천면 우천제2농공단지로61,_,100g,http://fresh.haccp.or.kr/prdimg/2016/201603951164/201603951164-1.jpg,http://fresh.haccp.or.kr/prdimg/2016/201603951164/201603951164-2.jpg
68,2016039511615 ,식품,우리밀 꾸러기짱,"밀가루58.72%(국산), 미강유24.08%(태국산), 설탕13.92%(유기농), 물엿(쌀,국산), 천일염(국산), 전지분유(국산)","밀, 우유","총 내용량 90g 463kcal
나트륨317mg 16%, 탄수화물58g 18%, 당류6g 6%, 지방22g 42%, 트랜스지방0g, 포화지방6g 37%, 콜레스테롤0mg 0%, 단백질7g 13%
1일 영양성분 기준치에 대한 비율(%)은 2,000kcal 기준이므로 개인의 필요 열량에 따라 다를 수 있습니다.",8803385060414 ,과자,유탕처리제품,㈜우리밀 새말공장_강원도 횡성군 우천면 우천제2농공단지로61,㈜우리밀_서울시 구로구 디지털로 26길61 에이스아이엔드타워 2차 1401호,90g,http://fresh.haccp.or.kr/prdimg/2016/2016039511615/2016039511615-1.jpg,http://fresh.haccp.or.kr/prdimg/2016/2016039511615/2016039511615-2.jpg
69,2016039511614 ,식품,콩고물 쌀과자,"쌀그릿츠52.25%(쌀100%/유기농,국산), 미강유(태국산), 볶음콩가루15.95%(대두,국산), 설탕12.6%(유기농), 전지분유(우유,국산), 천일염(국산)","대두, 우유","총 내용량 60g 285kcal
나트륨65mg 3%, 탄수화물42g 13%, 당류8g 8%, 지방10g 19%, 트랜스지방0g, 포화지방2.7g 18%, 콜레스테롤5mg미만 1%, 단백질6g 11%
1일 영양성분 기준치에 대한 비율(%)은 2,000kcal 기준이므로 개인의 필요 열량에 따라 다를 수 있습니다.",알수없음,과자,유처리제품,㈜우리밀 새말공장_강원도 횡성군 우천면 우천제2농공단지로61,한살림소비자생활협동조합연합회_경기도 안성시 대덕면 안성대로 1526,60g(285kcal),http://fresh.haccp.or.kr/prdimg/2016/2016039511614/2016039511614-1.jpg,http://fresh.haccp.or.kr/prdimg/2016/2016039511614/2016039511614-2.jpg
70,2016039511613 ,식품,꼬물꼬물 콩고물,"쌀그릿츠52.25%(쌀100%,국산), 미강유(태국산), 볶은콩가루15.95%(대두,국산), 설탕12.6%(유기농), 전지분유(우유,국산), 천일염(국산)","대두, 우유","총 내용량 60g 285kcal
<총 내용량당 1일 영양성분 기준치에 대한 비율>
나트륨65mg 3%, 탄수화물42g 13%, 당류8g 8%, 지방10g 19%, 트랜스지방0g, 포화지방2.7g 18%, 콜레스테롤5mg미만 1%, 단백질6g 11%
1일 영양성분 기준치에 대한 비율(%)은 2,000kcal 기준이므로 개인의 필요 열량에 따라 다를 수 있습니다.",8803385061299 ,과자,유처리제품,㈜우리밀 새말공장_강원도 횡성군 우천면 우천제2농공단지로61,㈜우리밀_서울시 구로구 디지털로 26길 61 에이스하이앤드타워 2차 1401호,60g(285kcal),http://fresh.haccp.or.kr/prdimg/2016/2016039511613/2016039511613-1.jpg,http://fresh.haccp.or.kr/prdimg/2016/2016039511613/2016039511613-2.jpg
71,2016039511611 ,식품,꿀을 바른 바삭한 쌀스낵,"쌀69.7%(국산/유기농), 현미유20.82%(태국산), 유기농설탕7.84%, 벌꿀0.87%(아카시아벌꿀:국산), 천일염0.77%(국산)",알수없음,"총 제공량 80g 당
<1회 제공량당 함량 *%영양소 기준치>
열량408kcal, 나트륨137mg 7%, 탄수화물57g 17%, 당류13g 13%, 지방19g 35%, 트랜스지방0g, 포화지방4.8mg 32%, 콜레스테롤0mg 0%, 단백질3g 5%
* %영양소 기준치:1일 영양소 기준치에 대한 비율",알수없음,과자,유탕처리제품,㈜우리밀 새말공장_강원도 횡성군 우천면 우천제2농공단지로61,_,80g,http://fresh.haccp.or.kr/prdimg/2016/2016039511611/2016039511611-1.jpg,http://fresh.haccp.or.kr/prdimg/2016/2016039511611/2016039511611-2.jpg
72,201603951161 ,식품,꿀먹은 쌀스낵,"쌀61.83%(무농약,국산),현미유18.16%(태국산),갈색설탕17.39%(유기농설탕),벌꿀1.93%(아카시아벌꿀,국산),천일염(국산)",알수없음,"총 내용량 80g 390kcal
<총 내용량당 1일 영양성분 기준치에 대한 비율>
나트륨25mg 1%, 탄수화물60g 18%, 당류12g, 지방15g 29%, 트랜스지방0g, 포화지방2.9g 19%, 콜레스테롤0mg 0%, 단백질4g 7%
1일 영양성분 기준치에 대한 비율(%)은 2,000kcal 기준이므로 개인의 필요 열량에 따라 다를 수 있습니다.",8803385061084 ,과자,유탕처리제품,㈜우리밀 새말공장_강원도 횡성군 우천면 우천제2농공단지로61,㈜우리밀_서울시 구로구 디지털로 26길 61 에이스하이앤드타워 2차 1401호,80g(390kcal),http://fresh.haccp.or.kr/prdimg/2016/201603951161/201603951161-1.jpg,http://fresh.haccp.or.kr/prdimg/2016/201603951161/201603951161-2.jpg
73,2016038358010 ,식품,도라에몽청포도,"정제수,정백당,폴리덱스트로스,포도당,액상과당,청포도농축액[고형분65%이상(아르헨티나산)]1%,비타민C,라임농축액[고형분55%이상(이탈리아산)]0.3%,효소처리스테비아,수수추출물(국내산)0.05%,유화제,CMC,치자청색소,안나토색소,합성착향료(청포도향),정제염",알수없음,"1회 제공량 80ml / 총 1회 제공량 80ml
<1회 제공량당 함량 *%영양성분기준치>
열량90kcal, 탄수화물22g 7%, 당류13g 13%, 단백질0g 0%, 지방0g 0%, 포화지방0.1g 1%, 트랜스지방0g, 콜레스테롤0mg 0%, 나트륨6mg 0%
*% 영양성분기준치:1일 영양성분기준치에 대한 비율",알수없음,빙과류,알수없음,㈜데어리젠_강원도 원주시 문막읍 문막공단길 170,㈜데어리젠_강원도 원주시 문막읍 문막공단길 170,80ml,http://fresh.haccp.or.kr/prdimg/2016/2016038358010/2016038358010-1.jpg,http://fresh.haccp.or.kr/prdimg/2016/2016038358010/2016038358010-2.jpg
74,201603834289 ,식품,생생칩 오리지널,"감자(호주산),혼합식용유[팜올레인유(말레이시아산),해바라기유{외국산(우크라이나,스페인,말레이시아등)},토코페롤(혼합형)],복합조미식품[짭짤한맛시즈닝{히말라야핑크솔트(파키스탄산),다시마엑기스분말(다시마추출농축액(건다시마(다시마(국내산))))}]",알수없음,"[총제공량/1회제공량] : 4,[1회제공량 칼로리(Kcal)] : 170,[영양표시] : 나트륨150mg,탄수화물15g,당류0.5미만g,지방12g,트랜스지방0.2미만g,포화지방3.9g,콜레스테롤0mg,단백질1g",알수없음,과자,유탕처리제품,해태가루비㈜_강원도 원주시 문막읍 문막공단길 154,해태제과식품(주)_서울특별시 용산구 한강대로 72길 3(남영동),알수없음,http://fresh.haccp.or.kr/prdimg/2016/201603834289/201603834289-1.jpg,http://fresh.haccp.or.kr/prdimg/2016/201603834289/201603834289-2.jpg
75,201603834285 ,식품,해태 허니버터칩,"감자(미국산), 혼합식용유[팜올레인유(말레이시아산)59.98%, 해바라기유(수입산)40%,토코페롤(혼합형)],복합조미식품[허니버터맛시즈닝{결정과당,백설탕,정제소금,탈지분유(우유),버터혼합분말65(대두),이스트익스트랙트파우다YE3(효모추출물),천연향신료(파슬리후레이크),아카시아꿀분말(아카시아꿀(국내산)),고메버터(프랑스산)}(밀)]",알수없음,"1회 제공량1/4봉지(30g)당 함량 총 4회 제공량(120g)
열량170kcal, 탄수화물15g 5%, 당류1g, 단백질1g 2%, 지방12g 24%, 포화지방3.9g 26%, 트랜스지방0g, 콜레스테롤0mg 0%, 나트륨150mg 8%
*(%)는 1일 영양소 기준치에 대한 비율임",알수없음,과자,유탕처리제품,해태가루비㈜_강원도 원주시 문막읍 문막공단길 154,해태제과식품㈜_서울특별시 용산구 한강대로 72길 3(남영동),120g,http://fresh.haccp.or.kr/prdimg/2016/201603834285/201603834285-1.jpg,http://fresh.haccp.or.kr/prdimg/2016/201603834285/201603834285-2.jpg
76,2016038342840 ,식품,허니버터칩 슈크림 앤 메이플맛,"감자(국내산),혼합식용유[팜올레인유(말레이시아산),해바라기유{외국산(우크라이나,스페인,말레이시아등)},토코페롤(혼합형)],복합조미식품[허니버터슈크림메이플맛시즈닝{유청유청(외국산)),버터혼합분말(가공버터(호주산)),메이플시럽분말(캐나다산),아카시아꿀분말(아카시아벌꿀(국내산)),고메버터(프랑스산),합성향료1(프렌치바닐라분말향),합성향료2(커스타드향),메이플시럽(캐나다산)}]","우유,대두,밀,조개류(굴)","[총제공량/1회제공량] : 4,[1회제공량 칼로리(Kcal)] : 170,[영양표시] : 나트륨75mg,탄수화물16g,당류1g,지방11g,트랜스지방0.2g미만,포화지방3.7g,콜레스테롤0mg,단백질2g",8801019609619 ,과자,유탕처리제품,해태가루비㈜제2공장_강원도 원주시 문막읍 반산1로 54,해태제과식품(주)_서울특별시 용산구 한강대로 72길 3(남영동),알수없음,http://fresh.haccp.or.kr/prdimg/2016/2016038342840/2016038342840-1.jpg,http://fresh.haccp.or.kr/prdimg/2016/2016038342840/2016038342840-2.jpg
77,2016038342835 ,식품,생생칩 아프리칸커리맛,"감자(국내산),혼합식용유[팜올레인유(말레이시아산),해바라기유{외국산(우크라이나,스페인,말레이시아등)},토코페롤(혼합형)],복합조미식품{아프리칸커리맛시즈닝(싱가포르산)}",대두,"[총제공량/1회제공량] : 4,[1회제공량 칼로리(Kcal)] : 155,[영양표시] : 나트륨140mg,탄수화물17g,당류1g미만,지방9g,트랜스지방0g,포화지방3.1g,콜레스테롤0mg,단백질2g",8801019609572 ,과자,유탕처리제품,해태가루비㈜ 제2공장_강원도 원주시 문막읍 반산1로 54,해태제과식품(주)_서울특별시 용산구 한강대로 72길 3,알수없음,http://fresh.haccp.or.kr/prdimg/2016/2016038342835/2016038342835-1.jpg,http://fresh.haccp.or.kr/prdimg/2016/2016038342835/2016038342835-2.jpg
78,2016038342833 ,식품,생생칩 아메리칸버거맛,"감자(국내산),혼합식용유[팜유올레인유(말레이시아산),해바라기유{외국산(우크라이나,스페인,말레이시아등)},토코페롤(혼합형)},복합조미식품[아메리칸버거맛시즈닝{치즈버거시즈닝(중국산),양배추즙분말(시금치(국내산))}]","우유,대두,밀,쇠고기,토마토","[총제공량/1회제공량] : 4,[1회제공량 칼로리(Kcal)] : 165,[영양표시] : 나트륨180mg,탄수화물16g,당류1g,지방11g,트랜스지방0.2g미만,포화지방3.7g,콜레스테롤0mg,단백질1g",알수없음,과자,유탕처리제품,해태가루비㈜제2공장_강원도 원주시 문막읍 반산1로 54,해태제과식품(주)_서울특별시 용산구 한강대로 72길 3(남영동),알수없음,http://fresh.haccp.or.kr/prdimg/2016/2016038342833/2016038342833-1.jpg,http://fresh.haccp.or.kr/prdimg/2016/2016038342833/2016038342833-2.jpg
79,2016038342832 ,식품,허니버터칩 라벤더 앤 블루베리맛,"감자(호주산),혼합식용유[팜올레인유(말레이시아산),해바라기유{외국산(우크라이나,스페인,말레이시아등)},토코페롤(혼합형)],복합조미식품[허니버터라벤더맛시즈닝{탈지분유(미국산),버터혼합분말(가공버터(호주산)),블루베리분말(스위스산),아카시아꿀분말(아카시아벌꿀(국내산)),라벤더파우더(라벤더허브차(독일산)),고메버터(프랑스산)}]","우유,대두,밀,조개류(굴)","[총제공량/1회제공량] : 4,[1회제공량 칼로리(Kcal)] : 165,[영양표시] : 나트륨100mg,탄수화물17g,당류1g미만,지방10g,트랜스지방0g,포화지방3.1g,콜레스테롤0mg,단백질2g",알수없음,과자,유탕처리제품,해태가루비㈜제2공장_강원도 원주시 문막읍 반산1로 54,해태제과식품(주)_서울특별시 용산구 한강대로 72길 3(남영동),알수없음,http://fresh.haccp.or.kr/prdimg/2016/2016038342832/2016038342832-1.jpg,http://fresh.haccp.or.kr/prdimg/2016/2016038342832/2016038342832-2.jpg
80,2016038342831 ,식품,감자칩 치즈버거맛,"감자(호주산),혼합식용유[팜올레인유(말레이시아산),해바라기유{외국산(우크라이나,스페인,말레이시아등)},토코페롤(혼합형)],복합조미식품[치즈버거맛시즈닝{정제소금(국내산),버터혼합분말(가공버터(호주산)),까망베르치즈파우더(네덜란드산)}]","우유,대두,밀,쇠고기,닭고기,조개류(전복,홍합,굴포함)","[총제공량/1회제공량] : 1,[1회제공량 칼로리(Kcal)] : 345,[영양표시] : 나트륨270mg,탄수화물32g,당류2g,지방23g,트랜스지방0g,포화지방8g,콜레스테롤0mg,단백질3g",8801019609305 ,과자,유탕처리제품,해태가루비㈜제2공장_강원도 원주시 문막읍 반산1로 54,해태제과식품(주)_서울특별시 용산구 한강대로 72길 3(남영동),알수없음,http://fresh.haccp.or.kr/prdimg/2016/2016038342831/2016038342831-1.jpg,http://fresh.haccp.or.kr/prdimg/2016/2016038342831/2016038342831-2.jpg
81,2016038342822 ,식품,감자칩 도미덮밥맛,"감자(국내산), 혼합식용유[팜올레인유(말레이시아산), 해바라기유{외국산(우크라이나,스페인,말레이시아 등)}, 토코페롤(혼합형)],복합조미식품{도미덮밥시즈닝(일본산)}","대두,밀,닭고기,새우,게","총 내용량 120g 1회(30g)당 170kcal
<1회(30g)당 1일 영양성분 기준치에 대한 비율>
나트륨160mg 8%, 탄수화물14g 4%, 당류0.5g미만 0%, 지방12g 22%, 트랜스지방0g, 포화지방3.8g 25%, 콜레스테롤2mg미만 0%, 단백질2g 4%
<100g당 1일 영양성분 기준치에 대한 비율>
나트륨540mg 27%, 탄수화물47g 15%, 당류1g 1%, 지방41g 76%, 트랜스지방0g, 포화지방13g 87%, 콜레스테롤5mg미만 1%, 단백질6g 11%
1일 영양성분 기준치에 대한 비율(%)은 2,000kcal 기준이므로 개인의 필요 열량에 따라 다를 수 있습니다.",8801019608841 ,과자,유탕처리제품,해태가루비㈜문막 제2공장_강원도 원주시 문막읍 반산1로 54,해태과자식품㈜_서울특별시 용산구 한강대로 72길 3(남영동),120g,http://fresh.haccp.or.kr/prdimg/2016/2016038342822/2016038342822-1.jpg,http://fresh.haccp.or.kr/prdimg/2016/2016038342822/2016038342822-2.jpg
82,2016038342821 ,식품,감자칩 새우육수맛,"감자(국내산), 혼합식용유[팜올레인유(말레이시아산), 해바라기유{외국산(우크라이나,스페인,말레이시아 등)}, 토코페롤(혼합형)],복합조미식품{새우육수맛시즈닝(일본산, 새우분말)}","대두,새우","총 내용량 120g 1회(30g)당 170kcal
<1회(30g)당 1일 영양성분 기준치에 대한 비율>
나트륨170mg 9%, 탄수화물14g 4%, 당류1g 1%, 지방12g 22%, 트랜스지방0g, 포화지방3.7g 25%, 콜레스테롤0mg 0%, 단백질2g 4%
<100g당 1일 영양성분 기준치에 대한 비율>
나트륨560mg 28%, 탄수화물48g 15%, 당류3g 3%, 지방41g 76%, 트랜스지방0g, 포화지방12g 80%, 콜레스테롤0mg 0%, 단백질6g 11%
1일 영양성분 기준치에 대한 비율(%)은 2,000kcal 기준이므로 개인의 필요 열량에 따라 다를 수 있습니다.",8801019608834 ,과자,유탕처리제품,해태가루비㈜문막 제2공장_강원도 원주시 문막읍 반산1로 54,해태과자식품㈜_서울특별시 용산구 한강대로 72길 3(남영동),120g,http://fresh.haccp.or.kr/prdimg/2016/2016038342821/2016038342821-1.jpg,http://fresh.haccp.or.kr/prdimg/2016/2016038342821/2016038342821-2.jpg
83,201603760111 ,식품,트레비 워터,"먹는샘물, 이산화탄소",알수없음,"1회제공량(200ml)총약3회제공량(500ml)
열량0kcal, 탄수화물0g (0%), 당류0g, 단백질0g (0%), 지방0g (0%), 트렌스지방0g (0%), 콜레스테롤0g, 나트륨0mg (0%), 칼슘3mg (0%), 마그네슘1mg (0%)",알수없음,탄산수,알수없음,㈜백합음료_경기도 연천군 백화면 장백로 589 / 경기도 연천군 백학면 두현리 1081-11(수원지),_,500mlx20펫,http://fresh.haccp.or.kr/prdimg/2016/201603760111/201603760111-1.jpg,http://fresh.haccp.or.kr/prdimg/2016/201603760111/201603760111-2.jpg
84,2016037003610 ,식품,뿌리원 새콤달콤쌈무,"무60%(국산),정제수,정제소금(중국산),포도당,구연산,DL-사과산,L-글루탐산나트륨(향미증진제),글리신,빙초산,소브산칼륨(보존료),아황산나트륨(산화방지제),사카린나트륨(감미료),아스파탐(감미료/페닐알라닌함유),폴리인산나트륨,혼합제제(정제소금,젖산칼슘)",아황산나트륨 함유,"열량 12.97kcal, 나트륨 528.62mg 26.4%, 탄수화물 2.67g 0.8%, 당류 16g 3%, 지방 0.13g 0.3%, 트랜스지방 0g, 포화지방 0g 0%, 콜레스테롤 0mg 0%, 단백질 0.28g 0.5% 100g당 /총 내용량 350g 1일 영양성분 기준치에 대한 비율(%)은 2.000kcal기준이므로 개인의 필요 열량에 따라 다를 수 있습니다.",8808468000080 ,절임류,알수없음,농업회사법인 정스팜㈜/경기도 양주시 백석읍 권율로 1203번길 8-35/TEL(031) 875-3861,알수없음,350g(고형량:210g),http://fresh.haccp.or.kr/prdimg/2016/2016037003610/2016037003610-1.jpg,http://fresh.haccp.or.kr/prdimg/2016/2016037003610/2016037003610-2.jpg
85,201603685619 ,식품,미담은 이화식초 복숭아,"복숭아32%(국산),발효식초32%(농축사과과즙5.03%(중국산),정제수,주정,발효영양원,사과에센스(합성착향료),백설탕(원당100%),매실발효액3.985(국산),무수구연산0.015%",알수없음,"총 내용량 300ml(15mlX20회) 1회 섭취참고량당 15ml당 28kcal 1회 섭취참고량당 1일 영양성분 기준치에 대한 비율 나트륨 0.2mg 0%, 탄수화물 6.7g 2%, 당류 6.7g 7%, 지방 0.1g 0%, 트랜스지방 0g, 포화지방 0g 0%,  콜레스테롤 0mg 0%,  단백질 0g 0% 1일 영양성분 기준치에 대한 비율(%)는 2,000kcal 기준이므로 개인의 필요 열량에 따라 다를 수 있습니다.",알수없음,음료베이스,알수없음,파프리카푸드/경기도 광주시 고불로 18번길(태전동),알수없음,300mlX1병,http://fresh.haccp.or.kr/prdimg/2016/201603685619/201603685619-1.jpg,http://fresh.haccp.or.kr/prdimg/2016/201603685619/201603685619-2.jpg
86,201603685617 ,식품,미담은 이화식초 아로니아,"아로니아32%(국산), 발효식초32%(농축사과과즙 5.03%(중국산), 정제수, 주정, 발효영양원, 사과에센스(합성착향료), 당류가공품(비정제원당100%), 매실발효액(국산) 3.985%, 무수구연산 0.015%",알수없음,"총 내용량 300ml(15ml x 20회) 1회 섭취참고량당 15ml당 23kcal 1회 섭취참고량당 1일 영양성분 기준치에 대한 비율 나트륨 0.3mg 0%, 탄수화물 5.4g 2%, 당류 5.2g 5%, 지방 0.1g 0%, 트랜스지방 0g, 포화지방 0g 0%, 콜레스테롤 0mg 0%, 단백질 0g 1일 영양성분 기준치에 대한 비율(%)은 2,000kcal 기준이므로 개인의 필요 열량에 따라 다를 수 있습니다.",알수없음,음료베이스,알수없음,파프리카푸드 / 경기도 광주시 고불로 78번길 6(태전동),알수없음,300ml x 1병,http://fresh.haccp.or.kr/prdimg/2016/201603685617/201603685617-1.jpg,http://fresh.haccp.or.kr/prdimg/2016/201603685617/201603685617-2.jpg
87,2016036856113 ,식품,미담은 이화식초 바나나,"바나나32%(필리핀), 발효식초32%(농축사과과즙5.03%(중국산), 정제수, 주정, 발효영양원, 사과에센스(합성착향료), 당류가공품(비정제원당100%), 매실발효액(국산)3.985%, 무수구연산 0.015%",알수없음,"총 내용량 300ml(15ml x 20회) 1회 섭취참고량당 15ml당 31kcal 1회 섭취참고량당 1일 영양성분 기준치에 대한 비율 나트륨 0.2mg 0%, 탄수화물 7.4g 2%, 당류 7.4g 7%, 지방 0.1g 0%, 트랜스지방 0g, 포화지방 0g 0%, 콜레스테롤 0mg 0%, 단백질 0g 1일 영양성분 기준치에 대한 비율(%)은 2,000kcal 기준이므로 개인의 필요 열량에 따라 다를 수 있습니다.",알수없음,음료베이스,알수없음,파프리카푸드 / 경기도 광주시 고불로 78번길 6(태전동),알수없음,300ml x 1병,http://fresh.haccp.or.kr/prdimg/2016/2016036856113/2016036856113-1.jpg,http://fresh.haccp.or.kr/prdimg/2016/2016036856113/2016036856113-2.jpg
88,2016036856112 ,식품,미담은 이화식초 파인애플,"파인애플32%(필리핀), 발효식초32%(농축사과과즙5.03%(중국산), 정제수, 주정, 발효영양원, 사과에센스(합성착향료), 백설탕(원당100%), 매실발효액 3.985%(국산), 무수구연산 0.015%",알수없음,"총 내용량 300ml(15ml x 20회) 1회 섭취참고량당 15ml당 28kcal 1회 섭취참고량당 1일 영양성분 기준치에 대한 비율 나트륨 0.2mg 0%, 탄수화물 6.7g 2%, 당류 6.6g 7%, 지방 0.1g 0%, 트랜스지방 0g, 포화지방 0g 0%, 콜레스테롤 0mg 0%, 단백질 0g 1일 영양성분 기준치에 대한 비율(%)은 2,000kcal 기준이므로 개인의 필요 열량에 따라 다를 수 있습니다.",알수없음,음료베이스,알수없음,파프리카푸드 / 경기도 광주시 고불로 78번길 6(태전동),알수없음,300ml x 1병,http://fresh.haccp.or.kr/prdimg/2016/2016036856112/2016036856112-1.jpg,http://fresh.haccp.or.kr/prdimg/2016/2016036856112/2016036856112-2.jpg
89,2016036856110 ,식품,미담은 이화식초 자몽,"자몽32%(미국/남아공),발효식초32%(농축사과과즙5.03%(중국산),정제수,주정,발효영양원,사과에센스(합성착향료),백설탕(원당100%),매실발효액3.985%(국산),무수구연산0.015%",알수없음,"총 내용량 300ml(15mlX20회) 1회 섭취참고량당 15ml당 28kcal 1회 섭취참고량당 1일 영양성분 기준치에 대한 비율 나트륨 0.1mg 0%, 탄수화물 6.8g 2%, 당류 6.7g 7%, 지방 0.1g 0%, 트랜스지방 0g, 포화지방 0g 0%,  콜레스테롤 0mg 0%,  단백질 0g 0% 1일 영양성분 기준치에 대한 비율(%)는 2,000kcal 기준이므로 개인의 필요 열량에 따라 다를 수 있습니다.",알수없음,음료베이스,알수없음,파프리카푸드/경기도 광주시 고불로 18번길(태전동),알수없음,300mlX1병,http://fresh.haccp.or.kr/prdimg/2016/2016036856110/2016036856110-1.jpg,http://fresh.haccp.or.kr/prdimg/2016/2016036856110/2016036856110-2.jpg
90,201603685236 ,식품,하루의 열매 믹스플러스 한입,"건조크랜베리루비28%(미국산/크랜베리62%,설탕,구연산,아로니아주스농축액,해바라기씨유),구운아몬드20%(아몬드:미국산),볶음캐슈넛20%[캐슈넛:외국산(인도·미얀마·베트남 등)],호두16%(미국산),딸기초코요거볼16%(딸기컴파운드,화이트컴파운드,화이트코팅초콜릿,분당,요거트분말,구연산)","호두,밀,대두,우유함유","총 내용량 25g/130kcal 1회제공량 함량 %영양소기준치 열량 130kcal, 탄수화물 12g 4%, 당류 8g 8%, 단백질 3g 5%, 지방 8g 15%, 포화지방 4.8g 32%, 트랜스지방 0g, 콜레스테롤 0mg 0%, 나트륨 0mg 0% 1일 영양성분 기준치에 대한 비율(%)은 2,000kcal 기준이므로 개인의 열량에 따라 다를 수 있습니다.",알수없음,땅콩 또는 견과류 가공품,알수없음,㈜오트리푸드빌리지 경기도 광주시 오포읍 매자리길 68-7(매산리 208),㈜오트리푸드빌리지 경기도 광주시 오포읍 매자리길 68-7(매산리 208),25g,http://fresh.haccp.or.kr/prdimg/2016/201603685236/201603685236-1.jpg,http://fresh.haccp.or.kr/prdimg/2016/201603685236/201603685236-2.jpg
91,201603685235 ,식품,하루의 열매 베리플러스 한입,"건조크랜베리루비40%(미국산/크랜베리62%,설탕,구연산,아로니아주스농축액,해바라기씨유),구운아몬드24%(아몬드:미국산),호두16%(미국산),구운헤이즐넛12%(헤이즐넛:터키산),건조블루베리8%(미국산/블루베리69%,설탕,해바라기씨유)",호두 함유,"총 내용량 25g/125kcal 1회제공량 함량 %영양소기준치 열량 125kcal, 탄수화물 13g 4%, 당류 11g 11%, 단백질 2g 4%, 지방 7g 13%, 포화지방 3.3g 22%, 트랜스지방 0g, 콜레스테롤 0mg 0%, 나트륨 0mg 0% 1일 영양성분 기준치에 대한 비율(%)은 2,000kcal 기준이므로 개인의 열량에 따라 다를 수 있습니다.",알수없음,땅콩 또는 견과류 가공품,알수없음,㈜오트리푸드빌리지 경기도 광주시 오포읍 매자리길 68-7(매산리 208),㈜오트리푸드빌리지 경기도 광주시 오포읍 매자리길 68-7(매산리 208),25g,http://fresh.haccp.or.kr/prdimg/2016/201603685235/201603685235-1.jpg,http://fresh.haccp.or.kr/prdimg/2016/201603685235/201603685235-2.jpg
92,201603685234 ,식품,하루의 열매 베리믹스 한입,"구운아몬드28%(아몬드:미국산),건조크랜베리루비20%(미국산/크랜베리62%,설탕,구연산,아로니아주스농축액,해바라기유),호두20%(미국산),블루베리초코볼20%[건조블루베리50%(미국산),화이트컴파운드,화이트코팅초콜릿,고화방지분당],체리초코볼12%[당침건조체리50%(미국산),다크컴파운드,화이트컴파운드,고화방지분당]","호두,밀,대두,우유함유","총 내용량 25g/140kcal 1회제공량 함량 %영양소기준치 열량 140kcal, 탄수화물 11g 3%, 당류 6g 6%, 단백질 3g 5%, 지방 9g 17%, 포화지방 1.4g 9%, 트랜스지방 0g, 콜레스테롤 0mg 0%, 나트륨 5mg 0% 1일 영양성분 기준치에 대한 비율(%)은 2,000kcal 기준이므로 개인의 열량에 따라 다를 수 있습니다.",알수없음,땅콩 또는 견과류 가공품,알수없음,㈜오트리푸드빌리지 경기도 광주시 오포읍 매자리길 68-7(매산리 208),㈜오트리푸드빌리지 경기도 광주시 오포읍 매자리길 68-7(매산리 208),25g,http://fresh.haccp.or.kr/prdimg/2016/201603685234/201603685234-1.jpg,http://fresh.haccp.or.kr/prdimg/2016/201603685234/201603685234-2.jpg
93,201603685232 ,식품,하루의 열매 베리넛츠 한입,"구운아몬드25%(아몬드:미국산),건조크랜베리루비25%(미국산/크랜베리62%,설탕,구연산,아로니아주스농축액,해바라기유),호두20%(미국산),볶음해바라기씨15%(해바라기씨:미국산),건포도초코요거볼15%[건포도(미국산)50%,화이트컴파운드,화이트코팅초콜릿,고화방지분당,요거트파우더]","호두,밀,대두,우유함유","총 내용량 25g/140kcal 1회제공량 함량 %영양소기준치 열량 140kcal, 탄수화물 9g 3%, 당류 7g 7%, 단백질 3g 6%, 지방 10g 19%, 포화지방 1.2g 8%, 트랜스지방 0g, 콜레스테롤 0mg 0%, 나트륨 0mg 0% 1일 영양성분 기준치에 대한 비율(%)은 2,000kcal 기준이므로 개인의 열량에 따라 다를 수 있습니다.",알수없음,땅콩 또는 견과류 가공품,알수없음,㈜오트리푸드빌리지 경기도 광주시 오포읍 매자리길 68-7(매산리 208),㈜오트리푸드빌리지 경기도 광주시 오포읍 매자리길 68-7(매산리 208),25g,http://fresh.haccp.or.kr/prdimg/2016/201603685232/201603685232-1.jpg,http://fresh.haccp.or.kr/prdimg/2016/201603685232/201603685232-2.jpg
94,2016036852312 ,식품,고메넛츠,"호두(미국산)20%, 볶음캐슈넛[캐슈넛:외국산(인도•미얀마•베트남 등)]20%, 구운피칸(피칸:미국산)16%, 구운아몬드(아몬드:미국산)16%, 마카다미아(호주산)16%, 헤즐너트볶음(헤이즐넛:터키산)12%",알수없음,"총 내용량25g / 170kcal
햠량(%영양성분 기준치)
열량170kcal, 탄수화물5g (1%), 당류1g (1%), 단백질4g (8%), 나트륨0mg (0%), 지방15g (28%), 포화지방1.2g (8%), 트랜스지방0g, 콜레스테롤0mg (0%)
1일 영양성분 기준치에 대한 비율(%)은 2,000kcal 기준이므로 개인의 필요 열량에 따라 다를수 있습니다.",알수없음,땅콩 또는 견과류 가공품,알수없음,㈜오트리푸드빌리지_경기도 광주시 오포읍 매자리길 68-7(매산리208),㈜오트리푸드빌리지_경기도 광주시 오포읍 매자리길 68-7(매산리208),25g,http://fresh.haccp.or.kr/prdimg/2016/2016036852312/2016036852312-1.jpg,http://fresh.haccp.or.kr/prdimg/2016/2016036852312/2016036852312-2.jpg
95,201603683649 ,식품,프로엠 맘스케어 유기농 까까 블랙,"유기농현미(국내산)69.3%, 유기농흑미(국내산)9.4%, 유기농백미(국내산)4.2%, 유기농찹쌀(국내산)1.7%, 유기농찰수수(국내산)0.8%, 유기농바나나분말(바나나:페루산)6.7%, 유기농사과농주스농축액(터키산/70Brix)5.7%, 요구르트분말(프랑스산/우유)1.3%, 비타민C, 해조칼슘, 혼합유산균(비피도박테리움비피덤, 비피도박테리움브레베, 비피도박테리움애니멀리스 에스피피, 락토바실러스 에시도필러스, 락토바실러스 플랜타럼)0.05%","우유,조개류(해조칼슘)","1회 제공량 : 1봉(43g)당 함량
<1회 제공량당 함량>
열량170kcal, 탄수화물37g (11%), 당류3g, 단백질3g (6%), 지방1g (2%), 포화지방0g (0%), 트랜스지방0g, 콜레스테롤 0ml, 나트륨0ml (0%)
* %영양소기준치:1일 영양소기준치에 대한 비율",알수없음,과자,알수없음,㈜프로엠2공장_경기도 광주시 초월읍 동막골길 140-28,"프로엠트레이딩_서울시 송파구 송파대로 260 105(가락동,제일오피스텔5층)",43g,http://fresh.haccp.or.kr/prdimg/2016/201603683649/201603683649-1.jpg,http://fresh.haccp.or.kr/prdimg/2016/201603683649/201603683649-2.jpg
96,2016036836444 ,식품,고소한인절미과자,"쌀가루(백미/국내산)48.55%, 팜올레인유(말레이지아산), 인절미맛시즈닝JM-0920{백설탕, 볶음대두분말(미국산)38%, 포도당, 유당(우유/미국산), 탈지분유(우유/미국산)}19%, 백태분말(국내산)5.78%, 옥수수가루(콘그리스5호/호주산), 탄산칼슘","대두, 땅콩, 우유","총 내용량 60g 340kcal
나트륨65mg 3%, 탄수화물31g 10%, 당류8g 8%, 지방18g 34%, 트랜스지방0g, 포화지방2.8g 19%, 콜레스테롤0mg 0%, 단백질5g 9%
* 1일 영양성분 기준치에 대한 비율(%)은 2,000kcal 기준이므로 개인의 필요 열량에 따라 다를 수 있습니다.",8806075782092 ,과자,유처리제품,㈜프로엠2공장_경기도 광주시 초월읍 동막동길 140-28,㈜신세계인터내셔날_서울특별시 강남구 도산대로 449,60g(340kcal),http://fresh.haccp.or.kr/prdimg/2016/2016036836444/2016036836444-1.jpg,http://fresh.haccp.or.kr/prdimg/2016/2016036836444/2016036836444-2.jpg
97,2016036836443 ,식품,잭팥 스낵,"무농약5곡 블랙곡물[무농약현미(국내산)76%,무농약흑미(국내산)15%,무농약백미(국내산)5%,무농약찹쌀(국내산)2%,무농약찰보리(국내산)2%]58.1%, 혼합올리브유[정제올리브유(스페인산),압착올리브유(스페인산), d-토코페롤],팥고물시즈닝{팥고물베이스[기타설탕, 팥가루(중국산)38.89%, 포도당, 정제소금, 분말유크림]90%, 기타설탕[백설탕,밀전분]}23.2%","우유,대두,밀","총 내용량 55g 280kcal
<총 내용량당 1일 영양성분 기준치에 대한 비율>
나트륨80mg 4%, 탄수화물35g 11%, 당류10g 10%, 지방10g 19%, 트랜스지방0g, 포화지방1.6g 11%, 콜레스테롤0mg 0%, 단백질3g 6%
1일 영양성분 기준치에 대한 비율(%)은 2,000kcal 기준이므로 개인의 필요 열량에 따라 다를 수 있습니다.",8809238113139 ,과자,유처리제품,㈜프로엠_경기도 광주시 초월읍 동막골길 140-28,프로엠트레이딩_서울시 송파구 송파대로 260,55g,http://fresh.haccp.or.kr/prdimg/2016/2016036836443/2016036836443-1.jpg,http://fresh.haccp.or.kr/prdimg/2016/2016036836443/2016036836443-2.jpg
98,2016036836442 ,식품,무농약 쌀로만든 인절미 스낵,"무농약 백미가루(국내산)52.6%, 혼합올리브유[정제올리브유(스페인산)89.99%, 압착올리브유(스페인산)10%,d-토코페롤], 인절미맛시즈닝[백설탕,볶음대두분말(미국산)38%, 포도당, 유당(우유/미국산), 탈지분유(우유/미국산)]23.3%, 무농약백태분말(국내산)5.2%, 탄산칼슘","우유,대두,땅콩,밀,계란","총 내용량 60g 330kcal
<총 내용량당 1일 영양성분 기준치에 대한 비율>
나트륨60mg 3%, 탄수화물33g 10%, 당류10g 10%, 지방16g 30%, 트랜스지방0g 0%, 포화지방2.4g 16%, 콜레스테롤0mg 0%, 단백질 5g 9%
1일 영양성분 기준치에 대한 비율(%)은 2,000kcal 기준이므로 개인의 필요 열량에 따라 다를 수 있습니다.",8809238111852 ,과자,유처리제품,㈜프로엠_경기도 광주시 초월읍 동막골길 140-28,프로엠트레이딩_서울시 송파구 송파대로 260,60g,http://fresh.haccp.or.kr/prdimg/2016/2016036836442/2016036836442-1.jpg,http://fresh.haccp.or.kr/prdimg/2016/2016036836442/2016036836442-2.jpg
99,2016036836441 ,식품,올리브 깔라만시 스낵,"무농약현미분말(국내산)51.75%, 혼합올리브유[정제올리브유(스페인산)89.99%, 압찰올리브유(스페인산)10%, d-토코페롤]18.6%, 깔라만시맛씨즈닝{고화방지분당, 무수포도당, 깔라만시농축분말[깔라만시농축액(베트남산)40%]8%,덱스트린,유청분말}23.2%, 무농약백미분말(국내산)2.91%, 무농약찹쌀분말(국내산)1.16%, 무농약보리분말(국내산)1.16%, 무농약차조분말(국내산)1.16%","우유,밀,복숭아,대두","총 내용량55g 305kcal
<총 내용량당 1일 영양성분 기준치에 대한 비율>
나트륨80mg 4%, 탄수화물32g 10%, 당류10g 10%, 지방15g 28%, 트랜스지방0g, 포화지방2.4g 16%, 콜레스테롤0mg 0%, 단백질4g 7%
1일 영양성분 기준치에 대한 비율(%)은 2,000kcal 기준이므로 개인의 필요 열량에 따라 다를 수 있습니다.",8809238113115 ,과자,유처리제품,㈜프로엠_경기도 광주시 초월읍 동막골길 140-28,프로엠트레이딩_서울시 송파구 송파대로 260,55g,http://fresh.haccp.or.kr/prdimg/2016/2016036836441/2016036836441-1.jpg,http://fresh.haccp.or.kr/prdimg/2016/2016036836441/2016036836441-2.jpg
100,2016036836440 ,식품,프로엠 맘스케어 유기농 까까 망고 바나나,"유기농현미(국내산)71.2%, 유기농백미(국내산)4%, 유기농찹쌀(국내산)1.6%, 유기농보리(국내산)1.6%, 유기농차조(국내산)1.6%, 유기농망고분말(페루산)8.3%, 유기농바나나분말(바나나:페루산)4%, 유기농사과농축액(터키산/70Brix)5.7%, 요구르트분말(프랑스산/우유)1.3%, 비타민D(영국산), 해조칼슘(영국산), 혼합유산균(비피도박테리움비피덤, 비피도박테리움브레베, 비피도박테리움 애니멀리스 에스피피, 락토바실러스 에시도필러스, 락토바실러스 플랜타럼)0.04%","우유,조개류(해조칼슘)","총 내용량43g 180kcal
<총 내용량당 1일 영양성분 기준치에 대한 비율>
나트륨5mg 1%, 탄수화물33g 10%, 당류6g 6%, 지방0.5g 1%, 트랜스지방0g, 포화지방0g 0%, 콜레스테롤0mg 0%, 단백질3g 5%
1일 영양성분 기준치에 대한 비율(%)은 2,000kcal 기준이므로 개인의 필요 열량에 따라 다를 수 있습니다.",8809238113108 ,과자,알수없음,㈜프로엠_경기도 광주시 초월읍 동막골길 140-28,프로엠트레이딩_서울시 송파구 송파대로 260,43g,http://fresh.haccp.or.kr/prdimg/2016/2016036836440/2016036836440-1.jpg,http://fresh.haccp.or.kr/prdimg/2016/2016036836440/2016036836440-2.jpg
101,201603683643 ,식품,맘스케어 무농약 쌀로 만든 까까(햇님과자),"무농약현미(국내산)50%, 무농약백미(국내산)50%",알수없음,"총 내용량 30g 120kcal
<총 내용량당 1일 영양성분 기준치에 대한 비율>
나트륨0mg 0%, 탄수화물8g 2%, 당류0g 0%, 콜레스테롤0mg 0%, 지방0g 0%, 트랜스지방0g, 포화지방0g 0%, 단백질1g미만 1%
1일 영양성분 기준치에 대한 비율(%)은 2,000kcal 기준이므로 개인의 필요 열량에 따라 다를 수 있습니다.",8809238111203 ,과자,알수없음,㈜프로엠_경기도 광주시 초월읍 동막골길 140-28,"프로엠트레이딩_서울시 송파구 송파대로 260 105(가락동,제일오피스텔5층)",30g,http://fresh.haccp.or.kr/prdimg/2016/201603683643/201603683643-1.jpg,http://fresh.haccp.or.kr/prdimg/2016/201603683643/201603683643-2.jpg
102,2016036836429 ,식품,올리브 토마토 스낵,"무농약현미분말(국내산), 혼합올리브유[정제올리브유(스페인산)89.99%,압찰올리브유(스페인산)10%,d-토코페롤]20.6%, 시즈닝분말[토마토분말(토마토100%,국산)4.37%,토마토향1.1%,무수포도당,고화방지분당,말토덱스트린,정제소금], 무농약백태가루,무농약백미분말(국내산), 무농약찹쌀분말(국내산), 무농약보리분말(국내산),무농약차조분말(국내산)","우유,밀,토마토,대두","총 내용량 60g 315kcal
<총 내용량당 1일 영양성분 기준치에 대한 비율>
나트륨300mg 15%, 탄수화물35g 11%, 당류9g 9%, 지방14g 26%, 트랜스지방0g, 포화지방2.3g 15%, 콜레스테롤0mg 0%, 단백질4g 8%
1일 영양성분 기준치에 대한 비율(%)은 2,000kcal 기준이므로 개인의 필요 열량에 따라 다를 수 있습니다.",8809238112958 ,과자,유처리제품,㈜프로엠_경기도 광주시 초월읍 동막골길 140-28,"프로엠트레이딩_서울시 송파구 송파대로 260 105(가락동,제일오피스텔5층)",60g,http://fresh.haccp.or.kr/prdimg/2016/2016036836429/2016036836429-1.jpg,http://fresh.haccp.or.kr/prdimg/2016/2016036836429/2016036836429-2.jpg
103,2016036836428 ,식품,무농약 오곡으로 만든 양파 스낵,"무농약현미분말(국내산), 혼합올리브유[정제올리브유(스페인산)89.99%,압착올리브유(스페인산)10%,d-토코페롤], 어니언시즈닝[양파분말8.8%(국내산),포도당,정제소금,분당,유청분말], 무농약백미분말(국내산), 무농약찹쌀분말(국내산), 무농약보리분말(국내산), 무농약차조분말(국내산), 양파분말(국내산)",알수없음,"총 내용량 60g 315kcal
<총 내용량당 1일 영양성분 기준치에 대한 비율>
나트륨340mg 17%, 탄수화물36g 11%, 당류6g 6%, 지방14g 27%, 트랜스지방0g, 포화지방3g 18%, 콜레스테롤0mg 1%, 단백질3g 5%
1일 영양성분 기준치에 대한 비율(%)은 2,000kcal 기준이므로 개인의 필요 열량에 따라 다를 수 있습니다.",8809238112804 ,과자,유처리제품,㈜프로엠2공장_경기도 광주시 초월읍 동막골길 140-28,"프로엠트레이딩_서울시 송파구 송파대로 260 105(가락동,제일오피스텔5층)",60g,http://fresh.haccp.or.kr/prdimg/2016/2016036836428/2016036836428-1.jpg,http://fresh.haccp.or.kr/prdimg/2016/2016036836428/2016036836428-2.jpg
104,2016036836427 ,식품,무농약 오곡으로 만든 츄러스 스낵,"무농약 현미분말(국내산), 혼합올리브유[정제올리브유(스페인산)89.99%, 압착올리브유(스페인산)10%, d-토코페롤], 시즈닝분말[계피가루10.5%, 분당, 포도당, 버터향, 해바라기유], 무농약 백미분말(국내산), 무농약 찹쌀분말(국내산), 무농약보리분말(국내산), 무농약차조분말(국내산), 계피가루",알수없음,"총 내용량 60g 360kcal
<총 내용량당 1일 영양성분 기준치에 대한 비율>
나트륨0mg 0%, 탄수화물31g 9%, 당류7g 7%, 지방22g 43%, 트랜스지방0g, 포화지방4g 24%, 콜레스테롤0mg 0%, 단백질2g 4%
1일 영양성분 기준치에 대한 비율(%)은 2,000kcal 기준이므로 개인의 필요 열량에 따라 다를 수 있습니다.",8809238112798 ,과자,유처리제품,㈜프로엠2공장_경기도 광주시 초월읍 동막골길 140-28,"프로엠트레이딩_서울시 송파구 송파대로 260 105(가락동,제일오피스텔5층)",60g,http://fresh.haccp.or.kr/prdimg/2016/2016036836427/2016036836427-1.jpg,http://fresh.haccp.or.kr/prdimg/2016/2016036836427/2016036836427-2.jpg
105,2016036836424 ,식품,"WELL 무농약 오곡 크랜베리,딸기 스낵","무농약현미분말(국내산)44.5%, 프로엠화이트[유기농설탕35%,코코아버터(싱가포르산),혼합탈지분유(탈지분유,유청분말/네덜란드산/우유),유당(미국산/우유),레시틴(브라질산/대두/유화제)]35%,코코아버터(벨기에산)3%,크랜베리맛분말{크랜베리농축분말[크랜베리농축액(미국산/크랜베리100%)37.95%],크랜베리향(합성착향료)}3%,크랜베리농축분말[크랜베리농축액(미국산/크랜베리100%)37.95%]3%,무농약백미분말(국내산)2.5%,딸기향분말[딸기후레바(합성착향료)]1.5%,진공동결건조딸기분말[딸기(국산)100%]1.4%,무농약찹쌀분말(국내산)1%,무농약보리분말(국내산)1%,무농약차조분말(국내산)1%,요구르트분말(프랑스산/우유),레몬농축분말,비타민C,혼합유산균(비피도박테리움비피덤,비피도박테리움브레베,비피도박테리움애니멀리스에스피피,락토바실러스에시도필러스,락토바실러스플랜타럼",알수없음,"총 내용량 50g 295kcal
<총 내용량당 1일 영양성분 기준치에 대한 비율>
나트륨35mg 2%, 탄수화물27g 8%, 당류12g 12%, 지방13g 25%, 트랜스지방0g, 포화지방8g 50%, 콜레스테롤0mg 0%, 단백질2g 5%
1일 영양성분 기준치에 대한 비율(%)은 2,000kcal 기준이므로 개인의 필요 열량에 따라 다를 수 있습니다.",알수없음,과자,알수없음,㈜프로엠2공장_경기도 광주시 초월읍 동막골길 140-28,"프로엠트레이딩_서울시 송파구 송파대로 260 105(가락동,제일오피스텔5층)",50g,http://fresh.haccp.or.kr/prdimg/2016/2016036836424/2016036836424-1.jpg,http://fresh.haccp.or.kr/prdimg/2016/2016036836424/2016036836424-2.jpg
106,2016036836422 ,식품,맘스케어 유기농까까 곡물과자,"유기농현미(국내산)80%, 유기농백미(국내산)16%, 유기농찹쌀(국내산)2%, 유기농보리(국내산)1%, 유기농수수(국내산)1%",알수없음,"총 내용량13g 50kcal
<총 내용량당 1일 영양성분 기준치에 대한 비율>
나트륨0mg 0%, 탄수화물11g 3%, 당류0g 0%, 지방0g 0%, 트랜스지방0g, 포화지방0g 0%, 콜레스테롤0mg 0%, 단백질1g 2%
1일 영양성분 기준치에 대한 비율(%)은 2,000kcal 기준이므로 개인의 필요 열량에 따라 다를 수 있습니다.",8809238112705 ,과자,알수없음,㈜프로엠_경기도 광주시 초월읍 동막골길 140-28,프로엠트레이딩_서울시 송파구 송파대로 260,13g,http://fresh.haccp.or.kr/prdimg/2016/2016036836422/2016036836422-1.jpg,http://fresh.haccp.or.kr/prdimg/2016/2016036836422/2016036836422-2.jpg
107,2016036836421 ,식품,맘스케어 유기농까까 햇님과자,"유기농현미(국내산)50%, 유기농백미(국내산)50%",알수없음,"총 내용량 13g 50kcal
<총 내용량당 1일 영양성분 기준치에 대한 비율>
나트륨0mg 0%, 탄수화물11g 3%, 당류0g 0%, 지방0g 0%, 트랜스지방0g, 포화지방0g 0%, 콜레스테롤0mg 0%, 단백질1g 2%
1일 영양성분 기준치에 대한 비율(%)은 2,000kcal 기준이므로 개인의 필요 열량에 따라 다를 수 있습니다.",8809238112699 ,과자,알수없음,㈜프로엠_경기도 광주시 초월읍 동막골길 140-28,프로엠트레이딩_서울시 송파구 송파대로 260,13g,http://fresh.haccp.or.kr/prdimg/2016/2016036836421/2016036836421-1.jpg,http://fresh.haccp.or.kr/prdimg/2016/2016036836421/2016036836421-2.jpg
108,2016036836420 ,식품,맘스케어 유기농까까 별과자,"유기농현미(국내산)50%, 유기농백미(국내산)50%",알수없음,"총 내용량13g 50kcal
<총 내용량당 1일 영양성분 기준치에 대한 비율>
나트륨0mg 0%, 탄수화물11g 3%, 당류0g 0%, 지방0g 0%, 트랜스지방0g, 포화지방0g 0%, 콜레스테롤0mg 0%, 단백질1g 2%
1일 영양성분 기준치에 대한 비율(%)은 2,000kcal 기준이므로 개인의 필요 열량에 따라 다를 수 있습니다.",8809238112712 ,과자,알수없음,㈜프로엠_경기도 광주시 초월읍 동막골길 140-28,프로엠트레이딩_서울시 송파구 송파대로 260,13g,http://fresh.haccp.or.kr/prdimg/2016/2016036836420/2016036836420-1.jpg,http://fresh.haccp.or.kr/prdimg/2016/2016036836420/2016036836420-2.jpg
109,201603683642 ,식품,맘스케어 무농약 쌀로 만든 까까(곡물과자),"무농약현미(국내산)80%, 무농약백미(국내산)16%, 유기농찹쌀(국내산)2%, 유기농보리쌀(국내산)1%, 유기농수수(국내산)1%",알수없음,"총 내용량 30g 120kcal
<총 내용량당 1일 영양성분 기준치에 대한 비율>
나트륨0mg 0%, 탄수화물8g 2%, 당류0g 0%, 콜레스테롤0mg 0%, 지방0g 0%, 트랜스지방0g, 포화지방0g 0%, 단백질1g미만 1%
1일 영양성분 기준치에 대한 비율(%)은 2,000kcal 기준이므로 개인의 필요 열량에 따라 다를 수 있습니다.",8809238111210 ,과자,알수없음,㈜프로엠_경기도 광주시 초월읍 동막골길 140-28,"프로엠트레이딩_서울시 송파구 송파대로 260 105(가락동,제일오피스텔5층)",30g,http://fresh.haccp.or.kr/prdimg/2016/201603683642/201603683642-1.jpg,http://fresh.haccp.or.kr/prdimg/2016/201603683642/201603683642-2.jpg
110,2016036836419 ,식품,무농약 오곡 블루베리 스낵,"무농약현미분말(국내산)44.5%, 프로엠화이트[유기농설탕35%,코코아버터(싱가포르산),혼합탈지분유(탈지분유,유청분말/네덜란드산/우유),유당(미국산/우유),레시틴(브라질산/대두/유화제)]35%,동결건조블루베리분말[블루베리100%(칠레산)]4.2%,코코아버터(벨기에산)3%,블루베리맛분말{블루베리농축분말[블루베리주스농축액(미국산,블루베리100%)]68.75%}2.5%,블루베리향분말[블루베리향(합성착향료)]2.5%,무농약백미분말(국내산)2.5%,무농약찹쌀분말(국내산)1%,무농약보리분말(국내산)1%,무농약차조분말(국내산)1%,요구르트분말(프랑스산/우유),비타민-C,혼합유산균(비피도박테리움비피덤,비피도박테리움브레베,비피도박테리움애니멀리스 에스피피,락토바실러스에시도필러스,락토바실러스 플랜타럼","우유,대두","총 내용량60g 295kcal
<총 내용량당 1일 영양성분 기준치에 대한 비율>
나트륨25mg 1%, 탄수화물41g 12%, 당류13g 13%, 지방13g 25%, 트랜스지방0g, 포화지방8g 51%, 콜레스테롤0mg 0%, 단백질4g 7%
1일 영양성분 기준치에 대한 비율(%)은 2,000kcal 기준이므로 개인의 필요 열량에 따라 다를 수 있습니다.",8809238112668 ,과자,알수없음,㈜프로엠2공장_경기도 광주시 초월읍 동막골길 140-28,"프로엠트레이딩_서울시 송파구 송파대로 260 105(가락동,제일오피스텔5층)",60g,http://fresh.haccp.or.kr/prdimg/2016/2016036836419/2016036836419-1.jpg,http://fresh.haccp.or.kr/prdimg/2016/2016036836419/2016036836419-2.jpg
111,2016036836416 ,식품,프로엠 맘스케어 유기농 까까 딸기,"유기농현미(국내산)71.75%, 유기농백미(국내산)4%, 유기농찹쌀(국내산)1.6%, 유기농보리(국내산)1.6%, 유기농차조(국내산)1.6%, 유기농 딸기분말(폴란드산)7%, 유기농바나나분말(바나나:페루산)5%, 유기농사과농축액(터키산/70Brix)5.5%, 요구르트분말(프랑스산/우유)1.3%, 비타민C(영국산)0.5%, 해조칼슘(영국산)0.1%, 혼합유산균(비피도박테리움비피덤, 비피도박테리움브레베, 비피도박테리움 애니멀리스 에스피피, 락토바실러스 에시도필러스, 락토바실러스 플랜타럼)0.05%","우유,조개류(해조칼슘)","1회 제공량 : 1봉(55g)당 함량
<1회 제공량당 함량>
열량163kcal, 탄수화물35g (11%), 당류5g, 단백질4g (7%), 지방1.1g (2%), 포화지방0g (0%), 트랜스지방0g, 콜레스테롤0ml, 나트륨10ml (0.5%)
* %영양소기준치:1일 영양소기준치에 대한 비율",알수없음,과자,알수없음,㈜프로엠2공장_경기도 광주시 초월읍 동막골길 140-28,"프로엠트레이딩_서울시 송파구 송파대로 260 105(가락동,제일오피스텔5층)",55g,http://fresh.haccp.or.kr/prdimg/2016/2016036836416/2016036836416-1.jpg,http://fresh.haccp.or.kr/prdimg/2016/2016036836416/2016036836416-2.jpg
112,2016036836415 ,식품,프로엠 맘스케어 유기농 까까 오리지날,"유기농현미(국내산)76.2%, 유기농백미(국내산)4.2%, 유기농찹쌀(국내산)1.7%, 유기농보리1.7%, 유기농차조(국내산)1.7%, 유기농바나나분말(바나나:페루산)6.7%, 유기농사과농주스농축액(터키산/70Brix)5.7%, 요구르트분말(프랑스산/우유)1.3%, 비타민C, 해조칼슘, 혼합유산균(비피도박테리움비피덤, 비피도박테리움브레베, 비피도박테리움 애니멀리스 에스피피, 락토바실러스 에시도필러스, 락토바실러스 플랜타럼)0.05%","우유,조개류(해조칼슘)","1회 제공량 : 1봉(43g)당 함량
<1회 제공량당 함량>
열량170kcal, 탄수화물37g (11%), 당류3.6g, 단백질3g (6%), 지방1g (2%), 포화지방0g (0%), 트랜스지방0g, 콜레스테롤0mg, 나트륨0mg (0%)
* %영양소기준치:1일 영양소기준치에 대한 비율",알수없음,과자,알수없음,㈜프로엠2공장_경기도 광주시 초월읍 동막골길 140-28,"프로엠트레이딩_서울시 송파구 송파대로 260 105(가락동,제일오피스텔5층)",43g,http://fresh.haccp.or.kr/prdimg/2016/2016036836415/2016036836415-1.jpg,http://fresh.haccp.or.kr/prdimg/2016/2016036836415/2016036836415-2.jpg
113,2016036836414 ,식품,요거팜 무농약 쌀로 만든 블루베리스낵,"무농약현미(국내산)54%, 프로엠화이트(유기농설탕, 코코아버터/싱가포르산), 혼합탈지분유(탈지분유, 유청분말/네덜란드산/우유), 유당(미국산/우유), 레시틴(브라질산/대두/유화제), 동결건조블루베리분말(미국산)2%, 블루베리농축분말SP24305[블루베리농축액(미국산), 덱스트린]4%, 요구르트분말(프랑스산/우유)2%, 비타민D(영국산), 코코아버터(벨기에산), 혼합유산균(비피도박테리움 비피덤, 비피도박테리움 브레베, 비피도박테리움 애니멀리스 에스피피, 락토바실러스 에시도필러스, 락토바실러스 플랜타럼)0.02%","우유, 대두","총 내용량 30g 140kcal
<총 내용량당 1일 영양성분 기준치에 대한 비율>
나트륨15mg 0%, 탄수화물21g 6%, 당류8g 8%, 콜레스테롤0mg 0%, 지방5g 10%, 트랜스지방0g, 포화지방3g 20%, 단백질2g 4%
1일 영양성분 기준치에 대한 비율(%)은 2,000kcal 기준이므로 개인의 필요 열량에 따라 다를 수 있습니다.",8809238111456 ,과자,알수없음,㈜프로엠_경기도 광주시 초월읍 동막골길 140-28,프로엠트레이딩_서울시 송파구 송파대로 260,30g,http://fresh.haccp.or.kr/prdimg/2016/2016036836414/2016036836414-1.jpg,http://fresh.haccp.or.kr/prdimg/2016/2016036836414/2016036836414-2.jpg
114,2016036836412 ,식품,요거팜 무농약 쌀로 만든 스낵 플레인,"무농약현미(국내산)56%, 프로엠화이트[유기농설탕, 코코아버터(싱가포르산), 혼합탈지분유(탈지분유, 유청분말/네덜란드산/우유), 유당(미국산/우유), 레시틴(브라질산/대두/유화제)], 요구르트분말(프랑스산/우유)6%, 코코아버터(벨기에산), 비타민C(영국산), 혼합유산균(비피도박테리움 비피덤, 비피도박테리움 브레베, 비피도박테리움 애니멀리스 에스피피, 락토바실러스 에시도필러스, 락토바실러스 플랜타럼)0.02%","우유, 대두","총 내용량 30g 140kcal
<총 내용량당 1일 영양성분 기준치에 대한 비율>
나트륨15mg 1%, 탄수화물21g 6%, 당류7g 7%, 콜레스테롤0mg 0%, 지방4.9g 10%, 트랜스지방0g, 포화지방2.7g 18%, 단백질2g 4%
1일 영양성분 기준치에 대한 비율(%)은 2,000kcal 기준이므로 개인의 필요 열량에 따라 다를 수 있습니다.",8809238111258 ,과자,알수없음,㈜프로엠_경기도 광주시 초월읍 동막골길 140-28,프로엠트레이딩_서울시 송파구 송파대로 260,30g,http://fresh.haccp.or.kr/prdimg/2016/2016036836412/2016036836412-1.jpg,http://fresh.haccp.or.kr/prdimg/2016/2016036836412/2016036836412-2.jpg
115,2016036836411 ,식품,요거팜 무농약 쌀로 만든 딸기스낵,"무농약현미(국내산)56%, 프로엠화이트[유기농설탕, 코코아버터(싱가포르산), 혼합탈지분유(탈지분유,유청분말/네덜란드산/우유), 유당(미국산/우유), 레시틴(브라질산/대두/유화제)], 딸기분말(국내산)6%, 코코아버터(벨기에산), 요구르트분말(프랑스산/우유)2%, 비타민C(영국산), 혼합유산균(비피도박테리움 비피덤, 비피도박테리움 브레베, 비피도박테리움 애니멀리스 에스피피, 락토바실러스 에시도필러스, 락토바실러스 플랜타럼)0.02%","우유, 대두","총 내용량 30g 135kcal
<총 내용량당 1일 영양성분 기준치에 대한 비율>
나트륨10mg 1%, 탄수화물21g 6%, 당류7g 7%, 콜레스테롤0mg 0%, 지방4.8g 9%, 트랜스지방0g, 포화지방2.5g 17%, 단백질2g 4%
1일 영양성분 기준치에 대한 비율(%)은 2,000kcal 기준이므로 개인의 필요 열량에 따라 다를 수 있습니다.",8809238111241 ,과자,알수없음,㈜프로엠_경기도 광주시 초월읍 동막골길 140-28,"프로엠트레이딩_서울시 송파구 송파대로 260 105(가락동,제일오피스텔5층)",30g,http://fresh.haccp.or.kr/prdimg/2016/2016036836411/2016036836411-1.jpg,http://fresh.haccp.or.kr/prdimg/2016/2016036836411/2016036836411-2.jpg
116,2016036836410 ,식품,요거팜 무농약 쌀로 만든 크랜베리스낵,"무농약현미(국내산)53%, 프로엠화이트[유기농설탕, 코코아버터(싱가포르산), 혼합탈지분유(탈지분유, 유청분말/네덜란드산/우유), 유당(미국산/우유), 레시틴(브라질산/대두/유화제)], 크랜베리농축분말[크랜베리농축액(고형분40%/미국산),덱스트린]6%, 요구르트분말(프랑스산/우유)2%, 비타민C(영국산), 코코아버터(벨기에산), 레몬과즙분말[레몬농축과즙(65brix, 고형분60%/미국산), 덱스트린]1%, 혼합유산균(비피도박테리움 비피덤, 비피도박테리움 브레베, 비피도박테리움 애니멀리스 에스피피, 락토바실러스 에시도필러스, 락토바실러스 플란타럼)0.02%","우유, 대두","총 내용량 30g 140kcal
<총 내용량당 1일 영양성분 기준치에 대한 비율>
나트륨10mg 0%, 탄수화물22g 7%, 당류7g 7%, 콜레스테롤0mg 0%, 지방4.9g 10%, 트랜스지방0g, 포화지방2.7g 18%, 단백질2g 4%
1일 영양성분 기준치에 대한 비율(%)은 2,000kcal 기준이므로 개인의 필요 열량에 따라 다를 수 있습니다.",8809238111463 ,과자,알수없음,㈜프로엠_경기도 광주시 초월읍 동막골길 140-28,프로엠트레이딩_서울시 송파구 송파대로 260,30g,http://fresh.haccp.or.kr/prdimg/2016/2016036836410/2016036836410-1.jpg,http://fresh.haccp.or.kr/prdimg/2016/2016036836410/2016036836410-2.jpg
117,201603683641 ,식품,맘스케어 무농약 쌀로 만든 까까(현미＋백미),"무농약현미(국내산)50%, 무농약백미(국내산)50%",알수없음,"총 내용량 30g 120kcal 
<총내용량당 1일 영양성분 기준치에 대한 비율>
나트륨0mg 0%, 탄수화물8g 2%, 당류0g 0%, 콜레스테롤0mg 0%, 지방0g 0%, 트랜스지방0g, 포화지방0g 0%, 단백질1g미만 1%
1일 영양성분 기준치에 대한 비율(%)은 2,000kcal 기준이므로 개인의 필요 열량에 따라 다를 수 있습니다.",8809238111197 ,과자,알수없음,㈜프로엠_경기도 광주시 초월읍 동막골길 140-28,"프로엠트레이딩_서울시 송파구 송파대로 260 105(가락동,제일오피스텔5층)",30g,http://fresh.haccp.or.kr/prdimg/2016/201603683641/201603683641-1.jpg,http://fresh.haccp.or.kr/prdimg/2016/201603683641/201603683641-2.jpg
118,201603680335 ,식품,자연으로 담근 양념 새우장,"새우(아르헨티나산)50%,양념소스50%{[물엿,고추가루(중국산,베트남산),간장((탈지대두(수입산),글루텐(밀:수입산),탈지대두(인도산),소맥(밀)(미국산),식염(정제소금:국산)종국),식엽(정제소금:국산)),멸치액젓(국산),마늘(국산),생강(국산),양파즙,소스류(정제수,액상과당,레몬식초,정제소금(국산)),참깨(중국산)}","새우,밀,대두 함유",알수없음,2500000123153 ,절임류,비가열 섭취식품,㈜부일 경기도 광주시 오포읍 오포로 538-8 T.031)765-3883,알수없음,300g,http://fresh.haccp.or.kr/prdimg/2016/201603680335/201603680335-1.jpg,http://fresh.haccp.or.kr/prdimg/2016/201603680335/201603680335-2.jpg
119,201603680331 ,식품,자연으로 담근 간장 새우장,"새우(아르헨티나산)50%,간장소스50%{[간장(탈지대두(수입산),소맥(밀)(미국산),천일염,주정,종국,정제소금,액상과당)],소스류(정제수,액상과당,액상포도당,레몬식초,정제소금(국산),주정,맥아엑기스),주정,정제수,마늘,정백당,생강,월계수잎,마른홍고추,매실액,당귀,감초}","새우,밀,대두 함유",알수없음,2500000120114 ,절임류,비가열 섭취식품,㈜부일 경기도 광주시 오포읍 오포로 538-8 T.031)765-3883,알수없음,300g,http://fresh.haccp.or.kr/prdimg/2016/201603680331/201603680331-1.jpg,http://fresh.haccp.or.kr/prdimg/2016/201603680331/201603680331-2.jpg
120,2016036417062 ,식품,앙상블세트,"밀가루(밀:미국산),가공버터(뉴질랜드산)[식물성유지(팜유),유지방(우유),유크림(우유),버터향페이스트(무수유지방),d-토코페롤(혼합형)(대두)],백설탕,기타설탕[백설탕,전분(밀)],전란액(계란:미국산),갈색설탕,마가린,아몬드,옥수수분말,아몬드분말,땅콩버터,난황액(계란),딸기잼,리치전지분유(우유),증숙고구마(적),볶음아몬드분말,난백액(계란),코코아파우더,호두,검은참깨,흑설탕,준초콜릿,초코칩,초콜릿청크,쇼트닝,치즈분말,호박씨,감자전분,땅콩,물엿,베이킹파우더(산성피로인산나트륨,탄산수소나트륨,전분,제일인산칼슘,젖산칼슘),해바라기씨,코코넛분말,커피후레이버,크리밀(우유),녹차가루믹스,식소다,파프리카추출색소,합성착향료(바닐라향,오렌지향,군고구마향),제주감귤분말,계피분말,식염","밀,계란,우유,땅콩,호두,대두","총 내용량 630g 100g당 470kcal
<100g당 1일 영양성분 기준치에 대한 비율>
나트륨150mg 8%, 탄수화물54g 17%, 당류22g 22%, 지방26g 48%, 트랜스지방0.5g미만, 포화지방14g 93%, 콜레스테롤60mg 20%, 단백질 8g 15%
1일 영양성분 기준치에 대한 비율(%)은 2,000kcal 기준이므로 개인의 필요 열량에 따라 다를 수 있습니다.",알수없음,과자,알수없음,㈜제이앤비식품 본사공장_걍기도 화성시 팔탄면 안산동길 135-30,㈜제이앤비식품 본사공장_걍기도 화성시 팔탄면 안산동길 135-30,630g(2940kcal),http://fresh.haccp.or.kr/prdimg/2016/2016036417062/2016036417062-1.jpg,http://fresh.haccp.or.kr/prdimg/2016/2016036417062/2016036417062-2.jpg
121,2016036417045 ,식품,콜렉션세트,"밀가루(밀:미국산),가공버터(뉴질랜드산)[식물성유지(팜유),유지방(우유),유크림(우유),버터향페이스트(무수유지방),d-토코페롤(혼합형)(대두)],백설탕,전란액(계란:미국산),기타설탕[백설탕,전분(밀)],갈색설탕,마가린,리치전지분유(우유),아몬드,초코칩,옥수수분말,코코넛분말,땅콩버터,난황액(계란),아몬드분말,볶음아몬드분말,증숙고구마(적),호두,검은참깨,치즈분말,코코아파우더,베이킹파우더(산성피로인산나트륨,탄산수소나트륨,전분,제일인산칼슘,젖산칼슘),물엿,커피후레이버,파프리카추출색소,제주감귤분말,합성착향료(오렌지향,바닐라향,군고구마향),식염","밀,계란,우유,땅콩,호두,대두","총 내용량 560g 100g당 460kcal
<100g당 1일 영양성분 기준치에 대한 비율>
나트륨170mg 9%, 탄수화물55g 17%, 당류21g 21%, 지방25g 46%, 트랜스지방0.5g미만, 포화지방14g 93%, 콜레스테롤60mg 20%, 단백질 7g 13%
1일 영양성분 기준치에 대한 비율(%)은 2,000kcal 기준이므로 개인의 필요 열량에 따라 다를 수 있습니다.",알수없음,과자,알수없음,㈜제이앤비식품 본사공장_걍기도 화성시 팔탄면 안산동길 135-30,㈜제이앤비식품 본사공장_걍기도 화성시 팔탄면 안산동길 135-30,560g(2613kcal),http://fresh.haccp.or.kr/prdimg/2016/2016036417045/2016036417045-1.jpg,http://fresh.haccp.or.kr/prdimg/2016/2016036417045/2016036417045-2.jpg
122,2016036417039 ,식품,샤르망세트,"밀가루(밀:미국산),가공버터(호주산)[유지방(우유),코코넛오일,무지유고형분],백설탕,전란액(계란:국산),갈색설탕,아몬드,마가린,옥수수분말,기타설탕,증숙고구마(적),땅콩버터,리치전지분유,호두,검은참깨,흑설탕,초코칩,초콜릿청크,치즈분말,코코아파우더,땅콩,쇼트닝,물엿,아몬드분말,난황액(계란),베이킹파우더(산성피로인산나트륨,탄산수소나트륨,전분,제일인산칼슘,젖산칼슘),난백액(계란),코코넛분말,커피후레이버,파프리카추출색소,식소다,합성착향료(군고구마향),계피분말,식염","밀,계란,우유,땅콩,호두,대두","1회 제공량 (30g) 총 제공량 약 12회 (360g)
<1회 제공량당 함량 *%영양소 기준치>
열량140kcal, 탄수화물16g 5%, 당류6g, 단백질2g 4%, 지방8g 16%, 포화지방4g 27%, 트랜스지방0g, 콜레스테롤15mg 5%, 나트륨45mg 2%
%영양소기준치 1일 영양소기준치에 대한 비율",알수없음,과자,알수없음,㈜제이앤비식품 본사공장_걍기도 화성시 팔탄면 안산동길 135-30,_,360g,http://fresh.haccp.or.kr/prdimg/2016/2016036417039/2016036417039-1.jpg,http://fresh.haccp.or.kr/prdimg/2016/2016036417039/2016036417039-2.jpg
123,2016036417027 ,식품,티타임스토리세트,"밀가루(밀:미국산),백설탕,가공버터(호주산)[유지방(우유),코코넛오일,무지유고형분],아몬드(미국산),마가린,전란액(계란),코코아파우더,커피후레이버,식염","밀,계란,우유,대두","1회 제공량 (30g) 총 제공량 약 8회 (224g)
<1회 제공량당 함량 *%영양소 기준치>
열량140kcal, 탄수화물16g 5%, 당류6g, 단백질2g 4%, 지방8g 16%, 포화지방4.5g 30%, 트랜스지방0g, 콜레스테롤10mg 3%, 나트륨40mg 2%
%영양소기준치 1일 영양소기준치에 대한 비율",알수없음,과자,알수없음,㈜제이앤비식품 본사공장_걍기도 화성시 팔탄면 안산동길 135-30,_,224g(1045kcal),http://fresh.haccp.or.kr/prdimg/2016/2016036417027/2016036417027-1.jpg,http://fresh.haccp.or.kr/prdimg/2016/2016036417027/2016036417027-2.jpg
124,2016036417026 ,식품,트레비앙쿠키세트,"밀가루(밀:미국산),가공버터(뉴질랜드산)[식물성유지(팜유),유지방(우유),유크림(우유),버터향페이스트(무수유지방),d-토코페롤(혼합형)(대두)],백설탕,전란액(계란:미국산),기타설탕,아몬드,갈색설탕,마가린,옥수수분말,땅콩버터,코코아파우더,흑설탕,초코칩,초콜릿청크,치즈분말,물엿,난황액(계란),땅콩,증숙고구마(적),리치전지분유(우유),볶음아몬드분말,감자전분,아몬드분말,베이킹파우더(산성피로인산나트륨,탄산수소나트륨,전분,제일인산칼슘,젖산칼슘),난백액(계란),코코넛분말,커피후레이버,녹차가루믹스,크림치즈,식소다,합성착향료(바닐라향),계피분말,식염","밀,계란,우유,땅콩,대두","총 내용량 395g 100g당 470kcal
<100g당 1일 영양성분 기준치에 대한 비율>
나트륨140mg 7%, 탄수화물55g 17%, 당류21g 21%, 지방26g 48%, 트랜스지방0.5g미만, 포화지방15g 100%, 콜레스테롤50mg 17%, 단백질7g 13%
1일 영양성분 기준치에 대한 비율(%)은 2,000kcal 기준이므로 개인의 필요 열량에 따라 다를 수 있습니다.",알수없음,과자,알수없음,㈜제이앤비식품 본사공장_걍기도 화성시 팔탄면 안산동길 135-30,㈜제이앤비식품 본사공장_걍기도 화성시 팔탄면 안산동길 135-30,395g(1843kcal),http://fresh.haccp.or.kr/prdimg/2016/2016036417026/2016036417026-1.jpg,http://fresh.haccp.or.kr/prdimg/2016/2016036417026/2016036417026-2.jpg
125,201603627994 ,식품,신안천일염,국산천일염100%(전남 신안군),알수없음,알수없음,8809510460036 ,천일염,알수없음,㈜가원/경기도 김포시 대곶면 대명항로 462,㈜이마트/서울특별시 성동구 뚝섬로 377(성수동2가),2.5kg,http://fresh.haccp.or.kr/prdimg/2016/201603627994/201603627994-1.jpg,http://fresh.haccp.or.kr/prdimg/2016/201603627994/201603627994-2.jpg
126,201603627993 ,식품,허브맛솔트,"국산천일염82%,허브믹스M18%[바질41%(이집트산),로즈마리분말14.9%(모로코산),흑후추분말13%(베트남산),L-글루타민산나트륨(향미증진제)13%,건마늘조각9%(중국산),고추가루,오레가노,5`-리보뉴클레오티드이나트륨(향미증진제)0.2%]",알수없음,알수없음,8809510460029 ,가공소금,알수없음,㈜가원/경기도 김포시 대곶면 대명항로 462,㈜이마트/서울특별시 성동구 뚝섬로 377(성수동2가),50g,http://fresh.haccp.or.kr/prdimg/2016/201603627993/201603627993-1.jpg,http://fresh.haccp.or.kr/prdimg/2016/201603627993/201603627993-2.jpg
127,201603627992 ,식품,맛소금,"맛소금믹스95%[정제염90%(국산),L-글루타민산나트륨(향미증진제)9.9%,5`-리보뉴클레오티드이나트륨(향미증진제)0.1%],천일염5%(국산)",알수없음,알수없음,8809510460012 ,가공소금,알수없음,㈜가원/경기도 김포시 대곶면 대명항로 462,㈜이마트/서울특별시 성동구 뚝섬로 377(성수동2가),500g,http://fresh.haccp.or.kr/prdimg/2016/201603627992/201603627992-1.jpg,http://fresh.haccp.or.kr/prdimg/2016/201603627992/201603627992-2.jpg
128,201603080178 ,식품,생생피클,"오이43.75%(국산100%),액상과당,정제수,주정식초[주정(타피오카/수입산),발효영양원],올스파이스,소금,소암모늄명반,신나몬,염화칼슘,폴리소르베이트80,심황색소,삭카린나트륨제제[삭카린나트륨(합성감미료),결정포도당,정제소금]",알수없음,"총 내용량 80g / 70kcal 1회섭취참고량 나트륨 4mg(0.2%), 탄수화물17g(5%), 당류15g, 지방0g(0%), 트랜스지방0g, 포화지방0g(0%), 콜레스테롤0mg, 단백질0g(0%) 1일 영양성분 기준치에 대한 비율(%)은 2.000kcal기준이므로 개인의 필요 열량에 따라 다를 수 있습니다.",알수없음,절임류,살균제품,농업회사법인 우듬지㈜/경기도 평택시 진위면 하북2길 80(하북리 352-3) TEL:1522-3052,농업회사법인 우듬지㈜/경기도 평택시 진위면 하북2길 80(하북리 352-3) TEL:1522-3052,80g(고형량:35g),http://fresh.haccp.or.kr/prdimg/2016/201603080178/201603080178-1.jpg,http://fresh.haccp.or.kr/prdimg/2016/201603080178/201603080178-2.jpg
129,201602621724 ,축산물,치즈돈까스,"돼지고기(등심:국산)35%,돼지고기(후지:국산)15.14%,반경성치즈[모짜렐라치즈:미국산]20%(살균우유,배양액,정제소금,효소),골드식빵가루14.14%{강력밀가루(미국,캐나다),마가란(가공유지:말레이시아산),백설탕,빵효모(생이스트),정제소금,조제분유},베타믹스-3{박력분[밀:미국산],옥수수전분[옥수수(미국,러시아,세르비아)],폴리인산나트륨(산도조절제),밀글루텐,백설탕,정제소금,산성피로인산나트륨,메타인산나트륨},정제수,돈까스염지제-s(정제소금,중합인산염,분리대두단백)","돼지고기,밀,대두,계란,쇠고기 함유",알수없음,알수없음,분쇄가공육제품,비살균제품/가열하여 섭취하는 냉동축산물,주식회사 케이씨에프앤비/경기도 평택시 서탄면 서탄로 470-14,알수없음,260g,http://fresh.haccp.or.kr/prdimg/2016/201602621724/201602621724-1.jpg,http://fresh.haccp.or.kr/prdimg/2016/201602621724/201602621724-2.jpg
130,201602621722 ,축산물,정통등심돈까스,"돼지고기(등심:국산)52.8%,골드식빵가루25.33%[강력밀가루(미국,캐나다),마가린(가공유지:말레이시아산),백설탕,빵효모(생이스트),정제소금,조제분유)베타믹스-3 8.1%{박력분(밀:미국산),옥수수전분(옥수수:러시아,미국,세르비아),폴리인산나트륨(산도조절제),밀글루텐,백설탕,정제소금,산서피로인산나트륨,메타인산나트륨},정제수","돼지고기,밀,대두,계란,쇠고기 함유",알수없음,알수없음,분쇄가공육제품,비살균제품/가열하여 섭취하는 냉동축산물,주식회사 케이씨에프앤비/경기도 평택시 서탄면 서탄로 470-14,알수없음,260g,http://fresh.haccp.or.kr/prdimg/2016/201602621722/201602621722-1.jpg,http://fresh.haccp.or.kr/prdimg/2016/201602621722/201602621722-2.jpg
131,201602621019 ,축산물,청년화로통닭발,"닭발(국내산)84.3%,고추가루5%[중국산56%,베트남산30%,고추씨(중국산)14%],설탕,복합조미식품[정제소금(중국산),옥수수전분(옥수수100%,미국산)],물엿,마늘,L-글루타민산나트륨(향미증진제)","닭고기,쇠고기,대두.우유,밀 함유",알수없음,알수없음,가열양념육,"비살균제품,가열하여 섭취하는 냉동식품",농업회사법인㈜한결식품 경기도 시흥시 금오로575번길 16(과림동),알수없음,400g,http://fresh.haccp.or.kr/prdimg/2016/201602621019/201602621019-1.jpg,http://fresh.haccp.or.kr/prdimg/2016/201602621019/201602621019-2.jpg
132,201602621018 ,축산물,청년무뼈불닭발,"닭발(국내산)84.3%,고추가루5%[중국산56%,베트남산30%,고추씨(중국산)14%],설탕,복합조미식품[정제소금(중국산),옥수수전분(옥수수100%,미국산)],물엿,마늘,L-글루타민산나트륨(향미증진제)","닭고기,쇠고기,대두.우유,밀 함유",알수없음,8809522820033 ,가열양념육,"비살균제품,가열하여 섭취하는 냉동식품",농업회사법인㈜한결식품:경기도 시흥시 금오로575번길 16(과림동),알수없음,250g,http://fresh.haccp.or.kr/prdimg/2016/201602621018/201602621018-1.jpg,http://fresh.haccp.or.kr/prdimg/2016/201602621018/201602621018-2.jpg
133,2016026210132 ,축산물,청년닭안심간장조림,"닭안심(국내산)60%,정제수15%,미향8%,혼합간장8%(양조간장17%,산분해간장83%),생강(국내산),마늘(국내산),대파(국내산),통후추,건고추(베트남산),고추씨(중국산),칙카이드","닭고기,쇠고기,대두,우유,밀 함유",알수없음,알수없음,가열양념육,"비살균제품,가열하여 섭취하는 냉동식품",농업회사법인㈜한결식품/경기도 시흥시 금오로 575번길 16(과림동),알수없음,270g,http://fresh.haccp.or.kr/prdimg/2016/2016026210132/2016026210132-1.jpg,http://fresh.haccp.or.kr/prdimg/2016/2016026210132/2016026210132-2.jpg
134,2016026210112 ,축산물,청년화로오돌뼈,"오돌뼈(국내산)84.3%,고추가루5%[중국산56%,베트남산30%,고추씨(중국산)14%],설탕,복합조미식품[정제소금(중국산),옥수수전분(옥수수100%,미국산)],물엿,마늘,L-글루타민산나트륨(향미증진제)","돼지고기,쇠고기,대두,우유,밀 함유",알수없음,8809522820057 ,가열양념육,"비살균제품,가열하여 섭취하는 냉동식품",농업회사법인㈜한결식품:경기도 시흥시 금오로575번길 16(과림동),알수없음,230g,http://fresh.haccp.or.kr/prdimg/2016/2016026210112/2016026210112-1.jpg,http://fresh.haccp.or.kr/prdimg/2016/2016026210112/2016026210112-2.jpg
135,2016018900543 ,축산물,원프리미엄육포,"쇠고기86.13%(국내산),육포씨즈닝[백설탕,정제소금(국산),비프시즈닝파우다{정제소금,(국산),비프엑시스(대두:수입산,밀:미국산),유당(우유)},에이취브이피와이큐,향신료믹스],대두단백,피클링설트[정제소금,아질산나트륨(발색제),탄산나트륨(결정)]",알수없음,알수없음,알수없음,건조저장육류,가열제품,㈜항진축산/인천광역시 남동구 남동동로 154번길 47,알수없음,50g,http://fresh.haccp.or.kr/prdimg/2016/2016018900543/2016018900543-1.jpg,http://fresh.haccp.or.kr/prdimg/2016/2016018900543/2016018900543-2.jpg
136,2016018900525 ,축산물,질러 부드러운 육포,"소고기85.5%(호주산),백설탕,D-소르비톨,야채혼합분말[분리대두단백(미국산),정제소금(국산)],비프엑기스분말[탈지대두(외국산)],진간장S,비타민C,비타에스,아질산나트륨(발색제)","대두,밀,쇠고기 함유",알수없음,8801005013253 ,건조저장육류,살균제품,㈜항진축산 인천광역시 남동구 남동동로 154번길 47,샘표식품주식회사 서울특별시 중구 충무로2,70g,http://fresh.haccp.or.kr/prdimg/2016/2016018900525/2016018900525-1.jpg,http://fresh.haccp.or.kr/prdimg/2016/2016018900525/2016018900525-2.jpg
137,201601604062 ,식품,오황미누룽지,국내산현미100%,알수없음,알수없음,알수없음,곡류가공품,알수없음,(주)라이스바이오텍_경북 경산시 남천면 협석2길 25,_,250g(1회제공량 90g - 130kcal),http://fresh.haccp.or.kr/prdimg/2016/201601604062/201601604062-1.jpg,http://fresh.haccp.or.kr/prdimg/2016/201601604062/201601604062-2.jpg
138,2016015701622 ,축산물,서라벌 불 막창,"돼지막창90.25%(막창:외국산), 소스9.75%, 고춧가루(국내산35%, 중국산35%, 베트남산30%), 마늘(국내산), 양파(국내산), 후추, 생강분(국내산), 정백당, 복합조미식품, 정제염, 육수",알수없음,알수없음,알수없음,가열양념육,완전가열제품,성신식품/대구시동구 동촌역사로 3길 10,신라식품/대구광역시 서구 가르뱅이로 16길 16-9,120g,http://fresh.haccp.or.kr/prdimg/2016/2016015701622/2016015701622-1.jpg,http://fresh.haccp.or.kr/prdimg/2016/2016015701622/2016015701622-2.jpg
139,2016015701621 ,축산물,서라벌 불 닭발,"닭발발87.28%(닭발:국내산), 소스내12,72%, 고춧가루(국내산45%, 중국산35%, 베트남산30%), 마늘(국내산), 양파(국내산), 후추, 생강분(국내산), 정백당, 복합조미식품, 정제염, 육수",알수없음,알수없음,알수없음,가열양념육,완전가열제품,성신식품/대구시동구 동촌역사로 3길 10,신라식품/대구광역시 서구 가르뱅이로 16길 16-9,120g,http://fresh.haccp.or.kr/prdimg/2016/2016015701621/2016015701621-1.jpg,http://fresh.haccp.or.kr/prdimg/2016/2016015701621/2016015701621-2.jpg
140,201601250257 ,축산물,오리불고기,"오리(국내산)80%,간장5%,물엿4%,고추가루(중국산)3%,정제수5%,설탕2%,마늘0.5%,기타",알수없음,알수없음,8809504750150 ,양념육,비살균제품,코리아푸드/부산시 수영구 무학로 44번지 1층,알수없음,800g,http://fresh.haccp.or.kr/prdimg/2016/201601250257/201601250257-1.jpg,http://fresh.haccp.or.kr/prdimg/2016/201601250257/201601250257-2.jpg
141,201601250255 ,축산물,돼지즉석(3분)막창,"돼지막창(미국산)90%,정제수9%,정제염0.45%,L-글루타민산나트륨0.15%,기타",알수없음,알수없음,8809504750174 ,가열양념육,비살균제품,"코리아푸드/부산시 수영구 무학로 44, 1층",알수없음,2kg,http://fresh.haccp.or.kr/prdimg/2016/201601250255/201601250255-1.jpg,http://fresh.haccp.or.kr/prdimg/2016/201601250255/201601250255-2.jpg
142,201601250254 ,축산물,돼지양념목살,"돈목살(칠레산)94%,된장(콩된장)2.378%,물엿1.5%,설탕1.0%,양파0.5%,배0.5%,마늘0.1%,참기름0.01%,후추0.001%,L글루타민산나트륨(향미증진제)0.001%,기타",알수없음,알수없음,8809504750136 ,양념육,비살균제품,코리아푸드/부산시 수영구 무학로 44,코리아푸드/부산시 수영구 무학로 44,1kg,http://fresh.haccp.or.kr/prdimg/2016/201601250254/201601250254-1.jpg,http://fresh.haccp.or.kr/prdimg/2016/201601250254/201601250254-2.jpg
143,201601250253 ,축산물,돼지양념3분막창,"돼지막창(미국산)67.47%,정제수,중백당,고춧가루(중국산/베트남산),물엿,간마늘,생강,진간장,L-글루타민산나트륨(향미증진제),참기름",알수없음,알수없음,알수없음,가열양념육,비살균제품,코리아푸드/부산시 수영구 무학로 44(광안동),알수없음,300g,http://fresh.haccp.or.kr/prdimg/2016/201601250253/201601250253-1.jpg,http://fresh.haccp.or.kr/prdimg/2016/201601250253/201601250253-2.jpg
144,201601250252 ,축산물,돼지막창,"돼지막창(미국산)80%,맛소금0.005%,파인애플0.015%,정제수19.9%,마아가린0.005%,기타",알수없음,알수없음,8809504750099 ,양념육,비살균제품,코리아푸드/부산시 수영구 무학로 44,코리아푸드/부산시 수영구 무학로 44,2kg,http://fresh.haccp.or.kr/prdimg/2016/201601250252/201601250252-1.jpg,http://fresh.haccp.or.kr/prdimg/2016/201601250252/201601250252-2.jpg
145,201600806601 ,축산물,양념 양고기(수제 양꼬치),"양고기96.68%(호주산),간양파1%(국산),계란0.8%(국산),소스류,정제염,복합조미식품 쿠민","계란,쇠고기,밀,대두,우유",알수없음,8809508740003 ,양념육,비살균제품/가열하여섭취하는냉동식품,㈜하오식품/서울 구로구 디지털로 242 한화비즈메트로 1차 3층 301호,㈜엑스퍼트/경기도 김포시 양촌읍 양곡로 373번길 61-32,200g,http://fresh.haccp.or.kr/prdimg/2016/201600806601/201600806601-1.jpg,http://fresh.haccp.or.kr/prdimg/2016/201600806601/201600806601-2.jpg
146,201600363126 ,축산물,햄버거 스테이크,"소고기42%(호주산),돼지고기25%(국내산),양파,계란,넉맥,소금,후추,마늘(국내산)",알수없음,알수없음,알수없음,분쇄가공육제품,알수없음,㈜동일종합식품,알수없음,알수없음,http://fresh.haccp.or.kr/prdimg/2016/201600363126/201600363126-1.jpg,http://fresh.haccp.or.kr/prdimg/2016/201600363126/201600363126-2.jpg
147,201600363122 ,축산물,치킨 소시지,"닭고기83%(국내산),할라빈E,와이스워스트 바바리안스타일,로란,넉맥,미원,설탕,소금,당근,백후추,우유,달걀,물",알수없음,알수없음,알수없음,소시지,알수없음,㈜동일종합식품,알수없음,2000g,http://fresh.haccp.or.kr/prdimg/2016/201600363122/201600363122-1.jpg,http://fresh.haccp.or.kr/prdimg/2016/201600363122/201600363122-2.jpg
148,201506274834 ,식품,한수위 제주바당 옥돔,"옥돔99.5%, 천일염0.5%",알수없음,알수없음,알수없음,수산물 가공품,냉동 전 비가열 제품 / 가열하여 섭취하는 냉동식품,한림수협,알수없음,130g,http://fresh.haccp.or.kr/prdimg/2015/201506274834/201506274834-1.jpg,http://fresh.haccp.or.kr/prdimg/2015/201506274834/201506274834-2.jpg
149,201506274833 ,식품,한수위 제주바당 은빛갈치,갈치 100%,알수없음,알수없음,알수없음,수산물 가공품,냉동 전 비가열 제품 / 가열하여 섭취하는 냉동식품,한림수협,알수없음,300g,http://fresh.haccp.or.kr/prdimg/2015/201506274833/201506274833-1.jpg,http://fresh.haccp.or.kr/prdimg/2015/201506274833/201506274833-2.jpg
150,201506274832 ,식품,한수위 제주바당고등애(愛)살,"고등어99.5%, 천일염0.5%",알수없음,알수없음,알수없음,수산물 가공품,냉동 전 비가열 제품 / 가열하여 섭취하는 냉동식품,한림수협,알수없음,알수없음,http://fresh.haccp.or.kr/prdimg/2015/201506274832/201506274832-1.jpg,http://fresh.haccp.or.kr/prdimg/2015/201506274832/201506274832-2.jpg
151,2015062413616 ,축산물,이종임의 LA갈비 양념구이,"소갈비60.00%(미국산),정백당2.27%,진간장3.44%,미림향,후추가루,굴소스,D-소르비톨액,파인애플퓨레(파인애플:수입산),배퓨레(배:국내산),사과퓨레(사과:국내산),양파,마늘,표고버섯분말(표고버섯:국내산),건새우분말(새우:국내산),정제수","소고기,대두,밀 함유",알수없음,알수없음,양념육,비가열제품/가열하여 섭취하는 냉동 식품,㈜가우정푸드/경상남도 거창군 남상면 홍덕길 33,알수없음,500g,http://fresh.haccp.or.kr/prdimg/2015/2015062413616/2015062413616-1.jpg,http://fresh.haccp.or.kr/prdimg/2015/2015062413616/2015062413616-2.jpg
152,201506171919 ,식품,오늘의밥상 양념깻잎,"염장들깻잎[염장깻잎(중국산)]75%, 고춧가루(중국산)8.3%, 물엿(중국산) 7.5%, 혼합간장, 간마늘(중국산), 액젓, 정제소금(국내산), L-글루타민산나트륨(향미증진제), 설탕, 참깨(중국산), 당근채, 소르빈산칼륨(합성보존료)",알수없음,알수없음,알수없음,절임류,알수없음,㈜씨엔에프 키원글로벌 / 경남 함안군 군북면 현포로 29,㈜씨엔에프 키원글로벌 / 경남 함안군 군북면 현포로 29,120g,http://fresh.haccp.or.kr/prdimg/2015/201506171919/201506171919-1.jpg,http://fresh.haccp.or.kr/prdimg/2015/201506171919/201506171919-2.jpg
153,201506171918 ,식품,오늘의밥상 검은콩자반,"검정콩(중국산)70%, 혼합간장(정제소금, 대두, 밀)7.5%, 정제수 14%, 물엿, 설탕, 참깨, L-글루타민산나트륨",알수없음,알수없음,8809387835517 ,농산물조림,알수없음,㈜씨엔에프 키원글로벌 / 경남 함안군 군북면 현포로 29,㈜씨엔에프 키원글로벌 / 경남 함안군 군북면 현포로 29,120g,http://fresh.haccp.or.kr/prdimg/2015/201506171918/201506171918-1.jpg,http://fresh.haccp.or.kr/prdimg/2015/201506171918/201506171918-2.jpg
154,2015061719120 ,식품,오늘의 밥상 간장연근조림,"연근(중국산)65.45%, 물엿(중국산)13.57%, 정제수12.12% 혼합간장(대두, 밀), D-소르비톨액, 설탕, L-글루타민산나트륨제제(향미증진제), 절임소스, 볶은참깨, 카라멜색소",알수없음,알수없음,8809387835647 ,농산물조림류,알수없음,㈜씨엔에프 키원글로벌 / 경남 함안군 군북면 현포로 29,㈜씨엔에프 키원글로벌 / 경남 함안군 군북면 현포로 29,120g,http://fresh.haccp.or.kr/prdimg/2015/2015061719120/2015061719120-1.jpg,http://fresh.haccp.or.kr/prdimg/2015/2015061719120/2015061719120-2.jpg
155,2015061719110 ,식품,오늘의밥상 간장깻잎,"염장들깻잎[염장깻잎(중국산)]49.75%, 혼합간장(대두, 밀)24.87%, 물엿(중국산)15.92%, 설탕, L-글루타민산나트륨(향미증진제), 다진마늘, 절임소스, 참깨(중국산), 건생강분말",알수없음,알수없음,8809387835500 ,절임류,알수없음,㈜씨엔에프 키원글로벌 / 경남 함안군 군북면 현포로 29,㈜씨엔에프 키원글로벌 / 경남 함안군 군북면 현포로 29,120g,http://fresh.haccp.or.kr/prdimg/2015/2015061719110/2015061719110-1.jpg,http://fresh.haccp.or.kr/prdimg/2015/2015061719110/2015061719110-2.jpg
156,2015061709299 ,식품,파채양념,"정제수,고추장{물엿,소맥분(밀:미국,호주산),양념다대기(중국산),밀쌀,혼합미분},백설탕,양조식초{맥아엑기스(겉보리:미국산),주정,발효영양원},물엿,고춧가루(중국산),양조간장,혼합간장,레몬쥬스,레몬농축액,볶은통깨,참기름,쇠고기맛다시,흑후추가루,향미증진제","대두,밀,굴,조개류,쇠고기,우유함유","총 내용량 90g 158kcal 총 내용량당 1일 영양성분 기준치에 대한 비율 나트륨 1058mg 53%, 탄수화물 29g 9%, 당류 21g, 20%, 콜레스테롤 0mg 0%, 지방 3.5g 7%, 트랜스지방 0g, 포화지방 0g 0%, 단백질 3g 5% 1일 영양성분 기준치에 대한 비율(%)은 2,000kcal기준이므로 개인의 필요 열량에 따라 다를 수 있습니다.",2500000158650 ,소스류,살균제품,㈜에스엘푸드/경상남도 함안군 군북면 함안산단 7길 40,뉴푸드㈜/경상남도 창녕군 남지읍 홍명길 9,90g,http://fresh.haccp.or.kr/prdimg/2015/2015061709299/2015061709299-1.jpg,http://fresh.haccp.or.kr/prdimg/2015/2015061709299/2015061709299-2.jpg
157,2015061701615 ,식품,대림선 빅사각꼬치,"연육75.74%[외국산(중국,베트남,파키스탄 등)/어육,백설탕,D-소비톨,산도조절제],밀가루(밀:미국산,호주산),정제소금(국산),대두유,L-글루탐산나트륨(향미증진제),D-자일로오스,조미액,어묵맛시즈닝,혼합제제류[L-글루탐산나트륨(향미증진제),구아닐산이나트륨,이노신산이나트륨],글루코노델타락톤,소브산칼륨(보존료),효소처리스테비아","대두,밀",알수없음,알수없음,어묵,유탕처리/비살균제품/가열하여 섭취하는 냉동식품,(유)에스제이에프_경남 함안군 칠서면 삼칠로 957 /,㈜사조대림 안산공장_경기도 안산기 단원구 성곡로 125(신길동) / 서울특별시 서초구 남부순환로 2159(방배동)(영업본부) /,800g,http://fresh.haccp.or.kr/prdimg/2015/2015061701615/2015061701615-1.jpg,http://fresh.haccp.or.kr/prdimg/2015/2015061701615/2015061701615-2.jpg
158,201506146451 ,식품,빈츠,"준초콜릿[설탕,코코아프리퍼레이션{외국산(싱가포르,네덜란드,프랑스);전지분유,코코아매스},식물성유지(싱가포르산),코코아매스(코코아빈;가나산),유당],밀가루(밀;미국산),설탕,쇼트닝[가공유지{팜스테아린유(말레이시아산),팜핵유(경화유),팜유(경화유)},식용우지(호주산),팜유,레시틴,토코페롤],전지분골드Ⅰ,당류가공품,산도조절제Ⅰ,산도조절제Ⅱ,가공버터,정제소금,유청단백분말,레시틴,혼합제제(불활성건조효모,밀가루),합성향료(밀크향,바닐린),효소제,구연산","우유,대두,밀,쇠고기","총내용량 204g(8.5g x 24봉) 1봉(8.5g)당 45kcal
<1봉당 1일 영양성분 기준치에 대한 비율>
나트륨15mg 1%, 탄수화물5g 2%, 당류3g 3%, 지방2.3g 4%, 트랜스지방0.2g미만, 포화지방1.4g 9%, 콜레스테롤2mg미만 0%, 단백질1g미만 1%
<총내용량당 1일 영양성분 기준치에 대한 비율>
나트륨310mg 16%, 탄수화물127% 39%, 당류75g 75%, 지방55g 102%, 트랜스지방1g, 포화지방33g 220%, 콜레스테롤20mg 7%, 단백질16g 29%
1일 영양성분 기준치에 대한 비율(%)은 2,000kcal기준이므로 개인의 필요 열량에 따라 다를 수 있습니다.",8801062634453 ,알수없음,알수없음,대륙식품㈜ 덕계공장_경남 양산시 그린공단3길 108,롯데제과㈜_서울시 영등포구 양평로21길 25,204g,http://fresh.haccp.or.kr/prdimg/2015/201506146451/201506146451-1.jpg,http://fresh.haccp.or.kr/prdimg/2015/201506146451/201506146451-2.jpg
159,2015056707755 ,식품,동원 자연한입 ICE고구마,고구마 100%(국산),알수없음,"총 내용량120g (200kcal), 나트륨15mg (1%), 탄수화물48g (15%), 당류25g (25%), 지방0g (0%), 트랜스지방0g (0%), 포화지방0g (0%), 콜레스테롤0mg (0%), 단백질2g (4%)
1일 영양성분 기준치에 대한 비율(%)은 2,000kcal 기준이므로 개인의 필요 열량에 따라 다를 수 있습니다.",알수없음,서류가공품,냉동식품/가열하지 않고 섭취하는 냉동식품,㈜한길웰바이오_경북 청도군 청도급 월곡 2길 35,㈜동원에프앤비_서울시 서초구 마방로 68,120g(200kcal),http://fresh.haccp.or.kr/prdimg/2015/2015056707755/2015056707755-1.jpg,http://fresh.haccp.or.kr/prdimg/2015/2015056707755/2015056707755-2.jpg
160,2015056707753 ,식품,리얼 미니 군고구마,고구마(국내산)100%,알수없음,알수없음,알수없음,서류가공품,가열하지 않고 섭취하는 냉동식품,농업회사법인㈜한길웰바이오_경상북도 청도군 청도읍 월곡2길 35,농업회사법인㈜한길웰바이오_경상북도 청도군 청도읍 월곡2길 35,1팩-150g(270kcal),http://fresh.haccp.or.kr/prdimg/2015/2015056707753/2015056707753-1.jpg,http://fresh.haccp.or.kr/prdimg/2015/2015056707753/2015056707753-2.jpg
161,2015056707736 ,식품,냉동고구마말랭이,고구마(국내산)100%,알수없음,"열량149kcal, 나트륨15.7mg (0.6%), 탄수화물35.3g (10.8%), 당류23g, 지방0g (0%), 트랜스지방0g, 포화지방0g (0%), 콜레스테롤0mg (0%), 단백질1.6g (3.0%)
1일 영양성분 기준치에 대한 비율(%)은 2,000 kcal 기준이므로 개인의 필요 열량에 따라 다를 수 있습니다.",알수없음,서류가공품,알수없음,농업회사법인㈜한길웰바이오_경상북도 청도군 청도읍 월곡2길 35,농업회사법인㈜한길웰바이오_경상북도 청도군 청도읍 월곡2길 35,60g(149kcal),http://fresh.haccp.or.kr/prdimg/2015/2015056707736/2015056707736-1.jpg,http://fresh.haccp.or.kr/prdimg/2015/2015056707736/2015056707736-2.jpg
162,2015056707732 ,식품,꿀고구마 말랭이,고구마(국내산) 100%,알수없음,"1회제공량 : 1봉(70g)
<1회 제공량당 함량 %영양소기준치>
열량170kcal, 탄수화물41g 12%, 당류27g, 단백질1.8g 3%, 지방0g 0%, 포화지방0g 0%, 트랜스지방0g, 콜레스테롤0mg 0%, 나트륨18.3mg 1%
*%영양소기준치:1일영양소기준치에대한비율",알수없음,서류가공품,살균제품,농버회사법인㈜한길웰바이오_경상북도 청도군 청도읍 월곡2길 35,_,70g,http://fresh.haccp.or.kr/prdimg/2015/2015056707732/2015056707732-1.jpg,http://fresh.haccp.or.kr/prdimg/2015/2015056707732/2015056707732-2.jpg
163,201505670771 ,식품,동원 자연한입 고구마,고구마 100%(국산),알수없음,"1회제공량 60g / 1회 제공량 함량
열량175kcal, 탄수화물42g (13%), 당류18g, 단백질2g (4%), 지방0g (0%), 포화지방0g (0%), 트랜스지방0g, 콜레스테롤0mg (0%), 나트륨25mg (1%)
*()안의 수치는 1일 영양소기준치에 대한 비율",알수없음,서류가공품(살균제품),질소충전제품,㈜한길웰바이오_경북 청도군 청도읍 월곡2길 35,㈜동원에프앤비_서울시 서초구 마방로 68,60g,http://fresh.haccp.or.kr/prdimg/2015/201505670771/201505670771-1.jpg,http://fresh.haccp.or.kr/prdimg/2015/201505670771/201505670771-2.jpg
164,2015056020218 ,식품,포도에퐁당,"국내산 포도 추출액(고형분 5.1%)90%, 유기원당(수입산), 포도농축액(고형분65% 국내산), 구연산, 비타민C",알수없음,"1회 제공량 100ml 열량 47kcal, 탄수화물 12g 4%, 당류 11g, 단백질 0g 0%, 지방 0g 0%, 포화지방 0g 0%, 트랜스지방 0g, 콜레스테롤 0mg 0%, 나트륨 0mg 0% ()안의 수치는 영양소 기준치에 대한 비율(%)입니다.",8809464111411 ,과채음료,알수없음,경산복숭아영농조합법인 경북 경산시 남산면 하남로 339,경산복숭아영농조합법인 경북 경산시 남산면 하남로 339,100ml,http://fresh.haccp.or.kr/prdimg/2015/2015056020218/2015056020218-1.jpg,http://fresh.haccp.or.kr/prdimg/2015/2015056020218/2015056020218-2.jpg
165,2015056020215 ,식품,딸기에퐁당,"국내산 딸기 추출액(고형분3.0%, 무농약 딸기)93%, 유기원당(수입산), 딸기농축액(고형분60% 국내산), 사과농축액(고형분60% 국내산), 구연산, 비타민C",알수없음,"1회 제공량 100ml 열량 50kcal, 탄수화물 13g 4%, 당류 11g, 단백질 0g 0%, 지방 0g 0%, 포화지방 0g 0%, 트랜스지방 0g, 콜레스테롤 0mg 0%, 나트륨 0mg 0% ()안의 수치는 영양소 기준치에 대한 비율(%)입니다.",8809464111213 ,과채음료,알수없음,경산복숭아영농조합법인 경북 경산시 남산면 하남로 339,경산복숭아영농조합법인 경북 경산시 남산면 하남로 339,100ml,http://fresh.haccp.or.kr/prdimg/2015/2015056020215/2015056020215-1.jpg,http://fresh.haccp.or.kr/prdimg/2015/2015056020215/2015056020215-2.jpg
166,201505320196 ,축산물,참辛한 국물닭발,"닭발[국내산100%]70%,고춧가루[중국산(39%),베트남산(61%)]3%,복합조미품[다시다]2%,설탕6%,마늘0.5%,깐생강0.4%,월계수잎0.1%,정제수18%,마늘(국내산100%)",알수없음,알수없음,8809488150021 ,가열양념육,비살균제품,㈜원앙에프엔비/경상북도 김천시 공단1길108-1(대광동),알수없음,830g,http://fresh.haccp.or.kr/prdimg/2015/201505320196/201505320196-1.jpg,http://fresh.haccp.or.kr/prdimg/2015/201505320196/201505320196-2.jpg
167,201505320195 ,축산물,참辛한 닭날개,"닭고기[윙,봉(국내산)]88.6%,고춧가루[국내산30%,베트남산70%]6.6%,복합조미품[다시다]1.8%,설탕2.8%,마늘0.09%,대파(국내산100%)0.1%,월계수잎0.01%",알수없음,알수없음,8809488150038 ,가열양념육,비살균제품,㈜원앙에프엔비/경상북도 김천시 공단1길108-1(대광동),알수없음,350g,http://fresh.haccp.or.kr/prdimg/2015/201505320195/201505320195-1.jpg,http://fresh.haccp.or.kr/prdimg/2015/201505320195/201505320195-2.jpg
168,201505320194 ,축산물,참(辛)한 오돌뼈,"돼지고기[국내산100%[오돌혼합육50%,뒷다리살50%]89.3%,고춧가루[국내산51%,중국산20%,베트남산29%]4.5%,복합조미식품[다시다]2.8%,설탕3%,마늘(국내산100%)0.1%,대파0.1%,월계수0.1%,생강0.1%",알수없음,알수없음,8809488150045 ,가열양념육,비살균제품,㈜원앙에프엔비/경상북도 김천시 공단1길108-1(대광동),알수없음,230g,http://fresh.haccp.or.kr/prdimg/2015/201505320194/201505320194-1.jpg,http://fresh.haccp.or.kr/prdimg/2015/201505320194/201505320194-2.jpg
169,201505320192 ,축산물,뼈없는매콤S라인양념구이불닭발,"닭발[뼈없는닭발(국내산100%)]87%,고춧가루[국내산(40%),중국산(40%),베트남산(20%)]4.2%,백설탕5.8%,복합조미식품[다시다]2.6%,대파(국내산100%)0.15%,깐마늘0.1%,깐생강0.05%,월계수잎0.05%,새송이버섯가루0.05%",알수없음,알수없음,8809488150014 ,가열양념육,비살균제품,㈜원앙에프엔비/경상북도 김천시 공단1길108-1(대광동),알수없음,250g,http://fresh.haccp.or.kr/prdimg/2015/201505320192/201505320192-1.jpg,http://fresh.haccp.or.kr/prdimg/2015/201505320192/201505320192-2.jpg
170,201505320191 ,축산물,송이불닭발,"닭발[국내산100%]87%,고춧가루[국내산(40%),중국산(40%),베트남산(20%)]4.3%,백설탕5.5%,복합조미품[다시다]2.6%,대파((국내산100%)0.25%,깐마늘0.15%,간생강0.1%,월계수잎0.05%,새송이버섯가루0.05%",알수없음,알수없음,8809488150007 ,가열양념육,비살균제품,㈜원앙에프엔비/경상북도 김천시 공단1길108-1,알수없음,300g,http://fresh.haccp.or.kr/prdimg/2015/201505320191/201505320191-1.jpg,http://fresh.haccp.or.kr/prdimg/2015/201505320191/201505320191-2.jpg
171,201505320186 ,축산물,엉클킴 가시오가피 차슈,"냉동돼지고기(95.5%),간장양념베이스4.5%(미림향,정제수,물엿,백설탕,간장,가시오갈피농축액)",돼지고기 함유,알수없음,8809496550189 ,양념육,비가열제품,동산식품(경북 포항시 북구 법원로 45-11),알수없음,200g,http://fresh.haccp.or.kr/prdimg/2015/201505320186/201505320186-1.jpg,http://fresh.haccp.or.kr/prdimg/2015/201505320186/201505320186-2.jpg
172,201505320183 ,축산물,엉클킴 소불고기,"소목심(호주산)60%,대파7.5%,양파10%,당근5%,간장양념17.5%[간장27.59%,물엿2.36%,다진마늘10.44%,다진양파17.34%,흰설탕13.79%,깨소금0.69%,후추분0.20%,참기름0.59%,청주3.55%,미림10.44%,정제수13.01%]",쇠고기 함유,알수없음,8809496550004 ,양념육,비살균제품,동산식품/경북 포항시 북구 법원로 45-11,알수없음,500g,http://fresh.haccp.or.kr/prdimg/2015/201505320183/201505320183-1.jpg,http://fresh.haccp.or.kr/prdimg/2015/201505320183/201505320183-2.jpg
173,201505320182 ,축산물,엉클킴 제육볶음,"돼지고기(미국산)60%,대파7.5%,양파7.5%,당근5%,청양고추6%,고추장양념14%[고추장(소맥분 호주산)19.28%,고추양념(고추가루(중국산)8.26%,정제염),고추양념 분말고추가루(중국산)8.26%,물엿3.85%,청주3.85%,간장19.28%,미림1.92%,정제수4.88%다진마늘(중국산)5.78%,다진양파(국내산)11.56%,흰설탕7.71%,갈색설탕3.85%,깨소금0.77%,추후분0.27%,참기름0.48%]",돼지고기 함유,알수없음,8809496550066 ,양념육,비살균제품,동산식품/경북 포항시 북구 법원로 45-11,알수없음,500g,http://fresh.haccp.or.kr/prdimg/2015/201505320182/201505320182-1.jpg,http://fresh.haccp.or.kr/prdimg/2015/201505320182/201505320182-2.jpg
174,201505320181 ,축산물,엉클킴 닭갈비,"닭다리살(브라질산)60%,대파7.5%,양파10%,당근5%,고추장양념17.5%[고추장(소맥분호주산)19.28%,고추양념(고추가루(중국산)8.26%,정제염),고추양념 분말고추가루(중국산)8.26%,물엿3.85%,청주3.85%,간장19.28%,미림1.92%,정제수4.88%,다진마늘(중국산)5.78%,다진양파(국내산)11.56%,흰설탕7.71%,갈색설탕3.85%,깨소금0.77%,후추분0.27%,참기름0.48%]",알수없음,알수없음,8809496550042 ,양념육,비살균제품,동산식품/경북 포항시 북구 법원로 45-11,알수없음,500g,http://fresh.haccp.or.kr/prdimg/2015/201505320181/201505320181-1.jpg,http://fresh.haccp.or.kr/prdimg/2015/201505320181/201505320181-2.jpg
175,201505260501 ,식품,나비골추어탕,"미꾸라지13%(국산),무청시래기30%(국산),정제수40%,들깨가루10%(중국산),된장[대두(미국,캐나다,중국),밀(미국산,호주산)]3%,고추(국산),생강(국산),후추(베트남,말레이시아,인도네시아)",알수없음,알수없음,알수없음,즉석조리식품,가열하여 섭취하는 냉동식품,농업회사법인 유한회사 나비원-함평군 대동면 석호길 27,알수없음,500g,http://fresh.haccp.or.kr/prdimg/2015/201505260501/201505260501-1.jpg,http://fresh.haccp.or.kr/prdimg/2015/201505260501/201505260501-2.jpg
176,201505180068 ,식품,새물신선 참맛김,"김(국내산100%)84%, 옥배유(수입산)10%,참기름,올리브유,녹차추출물,정제염",알수없음,알수없음,알수없음,조미김,알수없음,어업회사법인케이푸드(주)_전남 고흥군 풍양면 풍남로 670,_,15g(6매),http://fresh.haccp.or.kr/prdimg/2015/201505180068/201505180068-1.jpg,http://fresh.haccp.or.kr/prdimg/2015/201505180068/201505180068-2.jpg
177,2015051800635 ,식품,구운 돌김,김(국산)100%,알수없음,알수없음,알수없음,수산물가공품,알수없음,어업회사법인 케이푸드㈜_전남 고흥군 풍양면 풍남로 670,롯데쇼핑㈜_서울특별시 중구 남대문로 81(소공동),30g(15매),http://fresh.haccp.or.kr/prdimg/2015/2015051800635/2015051800635-1.jpg,http://fresh.haccp.or.kr/prdimg/2015/2015051800635/2015051800635-2.jpg
178,2015051800618 ,식품,올리브유로 볶은 김자반,"김(국산)51%,옥배유[옥수수씨눈:외국산(미국,러시아,브라질)]32%,참기름[참깨:외국산(인도,나이지리아,파키스탄)5%],백설탕,올리브유(외국산:스페인,이탈리아,그리스)3%,볶은참깨(외국산),맛소금[정제소금(국산)90%,L-글루탐산나트륨(향미증진제)9.90%,5'-이노신산나트륨0.05%,5'-구아닐산나트륨0.05%]",알수없음,"총 내용량 50g 총 열량 325kcal
<총 내용량당 1일 영양성분 기준치에 대한 비율>
나트륨430mg 22%, 탄수화물13g 4%, 당류5g -, 지방27g 50%, 트랜스지방- -, 포화지방3.6g 24%, 콜레스테롤- -, 단백질8g 14%
1일 영양성분 기준치에 대한 비율(%)은 2,000kcal 기준이므로 개인의 필요 열량에 따라 다를 수 있습니다.",알수없음,조미김,알수없음,어업회사법인케이푸드㈜_전남 고흥군 풍양면 풍남로 670,_,50g,http://fresh.haccp.or.kr/prdimg/2015/2015051800618/2015051800618-1.jpg,http://fresh.haccp.or.kr/prdimg/2015/2015051800618/2015051800618-2.jpg
179,2015051232527 ,식품,토마토&바질바게트,"밀가루[밀(미국산,캐나다산),밀(미국산,호주산)],쇼트닝(팜유/말레이시아산),설탕,피자씨즈닝[피자분말에스케이{체다치즈혼합분말(식물성유지(야자유/외국산)),토마토분말/스페인산},유청/칠레산,기타설탕,미립당,에프에스피-1],기타가공품,마가린,효모,토마토엔바질맛시즈닝{토마토케찹분말(토마토분말/스페인산),바질분말/이집트산},정제소금,혼합제제[밀가루,스테아릴젖산나트륨,염화암모늄,비타민C,혼합제제(밀가루,효소제),황산칼슘,효소제],혼합제제[포도당,파프리카추출색소,이산화규소],식물성크림,파슬리",알수없음,"총 내용량 400g 100g당 511kcal
<100g당 1일 영양성분 기준치에 대한 비율>
나트륨760mg 38%, 탄수화물54g 17%, 당류10g 10%, 지방29g 54%, 트랜스지방0g, 포화지방15g 100%, 콜레스테롤2mg 1%, 단백질9g 16%
1일 영양성분 기준치에 대한 비율(%)은 2,000kcal 기준이므로 개인의 필요 열량에 따라 다를 수 있습니다.",알수없음,과자,알수없음,㈜한영식품_전라남도 나주시 동수농공단지길 62-151(운곡동),㈜에스피씨삼립_경기도 시흥시 공단1대로 101(정왕동),400g,http://fresh.haccp.or.kr/prdimg/2015/2015051232527/2015051232527-1.jpg,http://fresh.haccp.or.kr/prdimg/2015/2015051232527/2015051232527-2.jpg
180,2015051232521 ,식품,매운 할라피뇨맛 바게뜨,"밀가루[밀(미국산,캐나다산),밀(미국산,호주산)], 팜쇼트닝(팜유류:말레이시아산), 설탕, 마가린[식물성유지[{팜유류(말레이시아산)}, 정제소금(국내산), 유화제, 레시틴], 살사시즈닝[고추베이스에스케[이, 미립당, 덱스트린, 포도당, 그레이비스농축불만(엔), 효모, 기타가공품, 정제소금, 복합조미식품, 혼합제제[포도당, 파프리카추출색소, 이산화규소], 할라피뇨[고추(중국산),]혼합제제[밀가루,스테아릴젖산나트륨,염화암모늄,비타민C혼합제제(밀가루,효소제), 황산칼슘, 효소제, 식물성크림, 복합조미식품, 건조파슬리",알수없음,"총 내용량 70g 327kcal
<총 내용량당 1일 영양성분 기준치에 대한 비율>
나트륨590mg 29%, 탄수화물41g 13%, 당류8g 8%, 지방15g 28%, 트랜스지방0g, 포화지방8g 53%, 콜레스테롤0mg 0%, 단백질7g 13%
1일 영양성분 기준치에 대한 비율(%)은 2,000kcal 기준이므로 개인의 필요 열량에 따라 다를 수 있습니다.",알수없음,과자,알수없음,㈜한영식품_전남 나주시 동수농공단지길 62-15(운곡동),㈜에스피씨삼립_경기도 시흥시 공단1대로 101(정왕동),70g,http://fresh.haccp.or.kr/prdimg/2015/2015051232521/2015051232521-1.jpg,http://fresh.haccp.or.kr/prdimg/2015/2015051232521/2015051232521-2.jpg
181,2015051232514 ,식품,마늘바게트,"밀가루1(밀:미국산,캐나다산),밀가루2(밀:미국산,호주산),마가린1/인도네시아산{식물성 유지(정제팜올레인유,팜유,팜스테아린),정제소금,유화제,합성향료(버터향)},백설탕,마늘(국산),마가린2(대두),효모,정제소금,양파,혼합제제(밀가루,스테아릴젖산나트륨,염화암모늄,비타민C,혼합효소제제,황산칼슘,효소제제),유청분말(우유),건조파슬리,비타민B2","밀,대두,우유","총 내용량 420g 2,153kcal
<총 내용량당 1일 영양성분 기준치에 대한 비율>
나트륨1562mg 78%, 탄수화물260g 80%, 당류92g 92%, 지방105g 194%, 트랜스지방0g, 포화지방51g 340%, 콜레스테롤0mg 0%, 단백질42g 76%
1일 영양성분 기준치에 대한 비율(%)은 2,000kcal 기준이므로 개인의 필요 열량에 따라 다를 수 있습니다.",8801068111286 ,과자,알수없음,㈜한영식품_전라남도 나주시 동수농공단지길 62-151(운곡동),㈜에스피씨삼립_경기도 시흥시 공단1대로 101(정왕동),420g,http://fresh.haccp.or.kr/prdimg/2015/2015051232514/2015051232514-1.jpg,http://fresh.haccp.or.kr/prdimg/2015/2015051232514/2015051232514-2.jpg
182,2015051232512 ,식품,케브도르 샤르네 바게트 갈릭맛,"밀가루(밀:미국산,캐나다산,호주산),마가린[인도네시아산{정제팜유,정제소금,유화제,대두레시틴(대두),합성향료(버터향)}],백설탕,대두유(대두),마늘(국산),효모,정제소금,혼합제제[밀가루,스테아릴젖산나트륨,염화암모늄,비타민C,혼합효소제제,황산칼슘,효소제제],가공소금,건조파슬리","밀,대두,우유","1회 제공량 1/2봉(44g), 총 2회 제공량(88g)
<1회 제공량 당 함량 *%영양성분 기준치>
열량234kcal, 탄수화물24g 7%, 당류9g, 단백질3g 5%, 지방14.6g 29%, 포화지방6.3g 42%, 트랜스지방0g, 콜레스테롤0mg 0%, 나트륨218mg 11%
*%영양성분 기준치:1일 영양성분 기준치에 대한 비율",8809503680076 ,과자,알수없음,㈜한영식품_전라남도 나주시 동수농공단지길 62-151(운곡동),㈜아트위드미_서울시 송파구 양재대로 66길 44 진흥빌딩 402호,88g(468kcal),http://fresh.haccp.or.kr/prdimg/2015/2015051232512/2015051232512-1.jpg,http://fresh.haccp.or.kr/prdimg/2015/2015051232512/2015051232512-2.jpg
183,2015051232511 ,식품,케브도르 샤르네 바게트 체다치즈맛,"밀가루(밀:미국산,캐나다산,호주산),마가린[인도네시아산{정제팜유,정제소금,유화제,대두레시틴(대두),합성향료(버터향)}],백설탕,체다치즈맛시즈닝[체다치즈맛시즈닝베이스{치즈시즈닝분말(미국산),혼합가공치즈(덴마크산)},백설탕,유크림분말,탈지분유,체다치즈분말(덴마크산)],효모,정제소금,크림소스맛시즈닝(대두,우유),사우어크림엔어니언맛시즈닝(밀,대두,우유),혼합제제[밀가루,스테아릴젖산나트륨,염화암모늄,비타민C,혼합효소제제,황산칼슘,효소제제],건조파슬리","밀,대두,우유","1회 제공량 1/2봉(44g), 총 2회 제공량(88g)
<1회 제공량 당 함량 *%영양성분 기준치>
열량234kcal, 탄수화물24g 7%, 당류9g, 단백질3g 5%, 지방14.3g 28%, 포화지방6.1g 41%, 트랜스지방0g, 콜레스테롤0mg 0%, 나트륨261mg 11%
*%영양성분 기준치:1일 영양성분 기준치에 대한 비율",8809503680069 ,과자,알수없음,㈜한영식품_전라남도 나주시 동수농공단지길 62-151(운곡동),㈜아트위드미_서울시 송파구 양재대로 66길 44 진흥빌딩 402호,88g(468kcal),http://fresh.haccp.or.kr/prdimg/2015/2015051232511/2015051232511-1.jpg,http://fresh.haccp.or.kr/prdimg/2015/2015051232511/2015051232511-2.jpg
184,201505020139 ,축산물,닭가슴살훈제(마늘맛),"국내산닭가슴살정육93.56%(국내산),황칠3%(국내산),마늘2.0%(국내산),치킨시즈닝1.44%[정백당10%,포리믹스지에이7%,가릭스파이스20%,어니언스파이스20%,후추스파이스23%,진저스파이스10%]",알수없음,"1회제공량100g기준 열량103kcal, 탄수화물2.26g (1%),단백질 22.51g (41%),지방0.40g (1%),나트륨 267mg (15%),수분73.24g,회분1.59g",알수없음,프레스햄,가열제품,(유)푸드원 전라남도 고흥군 동강면 청정식품단지길63,(유)푸드원,100g,http://fresh.haccp.or.kr/prdimg/2015/201505020139/201505020139-1.jpg,http://fresh.haccp.or.kr/prdimg/2015/201505020139/201505020139-2.jpg
185,201505020138 ,축산물,닭가슴살훈제(훈제맛),"닭가슴살정육95.56%(국내산)황칠3%(국내산),치킨시즈닝1.44%[정백당10%,포리믹스지에이7%,가릭스파이스20%,어니언스파이스20%,후추스파이스23%,진저스파이스10%]",알수없음,"1회제공량 100g 기준 열량 112kcal, 탄수화물 1.10g,단백질 25.71g,지방 0.53g,나트륨 270mg,수분71.11g,회분1.54g",알수없음,프레스햄,가열제품,(유)푸드원 전라남도 고흥군 동강면 청정식품단지길63,(유)푸드원,100g,http://fresh.haccp.or.kr/prdimg/2015/201505020138/201505020138-1.jpg,http://fresh.haccp.or.kr/prdimg/2015/201505020138/201505020138-2.jpg
186,2015050201345 ,축산물,닭가슴살스테이크(오리지널),"국내산닭가슴살66%,간양파(국내산)3%,간마늘(국내산)2%,간배(국내산)2%,단호박분3%,배추분3%,당근분3%,생강분2%,바베큐시즈닝2%,빵가루2%,대두단백2%,아몬드분2%,땅콩분2%,현미분2%,설탕1%,갈비맛숯불소스1%,간장1%,백후추1%",알수없음,"열량 162.4kcal, 탄수화물 8.3g, 당류 3.2g, 단백질 18.8g, 지방 6.0g, 나트륨 328.9mg 포화지방 0.1g, 콜레스테롤 54.7mg",알수없음,프레스햄,가열제품,(유)푸드원 (전라남도 고흥군 동강면 청정식품단지길63),(유)푸드원 (전라남도 고흥군 동강면 청정식품단지길63),100g,http://fresh.haccp.or.kr/prdimg/2015/2015050201345/2015050201345-1.jpg,http://fresh.haccp.or.kr/prdimg/2015/2015050201345/2015050201345-2.jpg
187,2015050201344 ,축산물,황칠닭가슴살볼,"국내산닭가슴살정육95.56%(국내산)황칠(국내산)3.0%,치킨시즈닝분말1.44%[정백당10%,포리믹스지에이7%,가릭스파이스20%,어니언스파이스20%,후추스파이스23%,진저스파이스10%]",알수없음,"1회제공량 100g 기준 열량 125kcal, 탄수화물 1.52g,단백질 24.54g,지방 2.32g,나트륨 170mg,수분69.65g,회분1.98g",알수없음,프레스햄,가열제품,(유)푸드원 전라남도 고흥군 동강면 청정식품단지길63,(유)푸드원,100g,http://fresh.haccp.or.kr/prdimg/2015/2015050201344/2015050201344-1.jpg,http://fresh.haccp.or.kr/prdimg/2015/2015050201344/2015050201344-2.jpg
188,2015050201342 ,축산물,닭가슴살훈제(칠리맛),"국내산닭가슴살정육96.56%,칠리1.5%(옥수수가루,큐민분말,파프리카,무수결정포도당,어니언스분말),양파0.5%,바비큐시즈닝1.24%[정백당,함수결정포도당,혼합유장분(우유),엘글로타민산나트륨(향미증진제)],백후추0.2%","닭고기,우유","1회제공량(100g) /총 1회 제공량(100g) 1회제공량당 함량 *%영양소기준치 열량 116kcal, 수분70.29g -, 회분 1.59g -, 탄수화물 2.18g 0.7%, 당류- -, 단백질 25.31g 43%,지방 0.64g 1.3%, 포화지방- -,트랜스지방- -,콜레스테롤- -,나트륨 297mg 15% *%영양소 기준치:1일 영양소분 기준치에 대한 비율",알수없음,햄류,가열제품,(유)푸드원 전라남도 고흥군 동강면 청정식품단지길63,(유)푸드원 전라남도 고흥군 동강면 청정식품단지길63,100g,http://fresh.haccp.or.kr/prdimg/2015/2015050201342/2015050201342-1.jpg,http://fresh.haccp.or.kr/prdimg/2015/2015050201342/2015050201342-2.jpg
189,2015050201341 ,축산물,닭가슴살훈제(염분무첨가),"국내산닭가슴살정육96.56%,치킨시즈닝3.44%(정백당10%,포리믹스지에이7%,가릭스파이스20%,어니언스파이스20%,후추스파이스23%,진저스파이스10%)","닭고기,우유","1회제공량(100g) /총 2회 제공량(200g) 1회제공량당 함량 *%영양소기준치 열량 119kcal, 탄수화물 0.30g 0%, 당류- -, 단백질 26.97g 49%,지방 1.08g 2.2%, 포화지방- -,트랜스지방- -,콜레스테롤- -,나트륨 50mg 3% *%영양소 기준치:1일 영양소 기준치에 대한 비율",알수없음,햄류,가열제품,(유)푸드원 전라남도 고흥군 동강면 청정식품단지길63,(유)푸드원 전라남도 고흥군 동강면 청정식품단지길63,200g,http://fresh.haccp.or.kr/prdimg/2015/2015050201341/2015050201341-1.jpg,http://fresh.haccp.or.kr/prdimg/2015/2015050201341/2015050201341-2.jpg
190,2015050201340 ,축산물,닭가슴살스테이크(유자맛),"닭가슴살정육95.56%(국내산)유자2.3%(국내산),치킨시즈닝1.44%[정백당10%,포리믹스지에이7%,가릭스파이스20%,어니언스파이스20%,후추스파이스23%,진저스파이스10%]",알수없음,알수없음,알수없음,프레스햄,가열제품,(유)푸드원 (전라남도 고흥군 동강면 청정식품단지길63),(유)푸드원 (전라남도 고흥군 동강면 청정식품단지길63),100g,http://fresh.haccp.or.kr/prdimg/2015/2015050201340/2015050201340-1.jpg,http://fresh.haccp.or.kr/prdimg/2015/2015050201340/2015050201340-2.jpg
191,2015050201339 ,축산물,닭가슴살스테이크(갈비맛),"국내산닭가슴살70%,간양파(국내산)4%,간마늘(국내산)4%,간배(국내산)4%,생강분3%,갈비맛숯불소스3%,대두단백3%,바베큐시즈닝2%,간장2%,빵가루2%,백후추2%,설탕1%",알수없음,"열량 162kcal, 탄수화물 8.3g, 당류 3.2g, 단백질 18.8g,지방 6.0g,나트륨 328.9mg포화지방 0.1g,콜레스테롤 54.7mg",알수없음,프레스햄,가열제품,(유)푸드원 (전라남도 고흥군 동강면 청정식품단지길63),(유)푸드원 (전라남도 고흥군 동강면 청정식품단지길63),100g,http://fresh.haccp.or.kr/prdimg/2015/2015050201339/2015050201339-1.jpg,http://fresh.haccp.or.kr/prdimg/2015/2015050201339/2015050201339-2.jpg
192,2015050201338 ,축산물,닭가슴살스테이크(매콤한맛),"국내산닭가슴살70%,간배(국내산)5%,간양파(국내산)4%,고추맛유3%,생강분2%,설탕2%,바베큐시즈닝2%,빵가루2%,대두단백2%당근분2%,갈비맛숯불소스1%,간장1%,백후추1%",알수없음,"열량 162.4kcal, 탄수화물 8.3g, 당류 3.2g, 단백질 18.8g,지방 6.0g,나트륨 328.9mg,포화지방 0.1g,콜레스테롤 54.7mg",알수없음,프레스햄,가열제품,(유)푸드원 (전라남도 고흥군 동강면 청정식품단지길63),(유)푸드원 (전라남도 고흥군 동강면 청정식품단지길63),100g,http://fresh.haccp.or.kr/prdimg/2015/2015050201338/2015050201338-1.jpg,http://fresh.haccp.or.kr/prdimg/2015/2015050201338/2015050201338-2.jpg
193,201505020132 ,축산물,닭가슴살훈제(무염),"국내산닭가슴살정육96.56%,치킨시즈닝3.44%(정백당10%,포리믹스지에이7%,가릭스파이스20%,어니언스파이스20%,후추스아이스23%,진저스파이스10%)","닭고기,우유","1회제공량(100g) /총 1회 제공량(100g) 1회제공량당 함량 *%영양소기준치 열량 119kcal, 수분69.90g, 회분 1.75g, 탄수화물 0.30g 0.09%, 당류- -, 단백질 26.97g 45%,지방 1.08g 2.2%, 포화지방- -,트랜스지방- -,콜레스테롤- -,나트륨 50mg 2.5% *%영양소 기준치:1일 영양소 기준치에 대한 비율",알수없음,햄류,가열제품,(유)푸드원 전라남도 고흥군 동강면 청정식품단지길63,(유)푸드원 전라남도 고흥군 동강면 청정식품단지길63,100g,http://fresh.haccp.or.kr/prdimg/2015/201505020132/201505020132-1.jpg,http://fresh.haccp.or.kr/prdimg/2015/201505020132/201505020132-2.jpg
194,201505020129 ,축산물,유레카목장 신선치즈(커티지),"우유(국산/유레카목장)98%,유산균,크림",알수없음,"1회 제공량(100g)당 함량/총 1.2회 제공량(120g) 열량 254kcal, 탄수화물 2g(1%), 당류 2g, 단백질 12g(20%), 지방 22g(44%), 포화지방 15g, 트랜스지방 0.8g, 콜레스테롤 72g(24%), 나트륨 340mg(15%) %영양소 기준치:1일 영양소 기준치에 대한 비율",알수없음,생치즈,알수없음,유레카영농조합법인 전남 영광군 영광읍 월현로1길 154-30/(061)351-7717,유레카영농조합법인 전남 영광군 영광읍 월현로1길 154-30/(061)351-7717,120g,http://fresh.haccp.or.kr/prdimg/2015/201505020129/201505020129-1.jpg,http://fresh.haccp.or.kr/prdimg/2015/201505020129/201505020129-2.jpg
195,201505020127 ,축산물,유레카목장 스트링치즈,"우유(국산/유레카목장)99.5%,유산균,응유효소,정제염",알수없음,"1회 제공량(100g)당 함량/총 1회 제공량(100g) 열량 326kcal, 탄수화물 1g(0.3%), 당류 0g, 단백질 22g(36%), 지방 26g(51%), 포화지방 18g(83%), 트랜스지방 1g, 콜레스테롤 43g(15%), 나트륨 890mg(44%) %영양소 기준치:1일 영양소 기준치에 대한 비율",알수없음,생치즈,알수없음,유레카영농조합법인 전남 영광읍 단주리 17-2/(061)351-7717,유레카영농조합법인 전남 영광읍 단주리 17-2/(061)351-7717,100g,http://fresh.haccp.or.kr/prdimg/2015/201505020127/201505020127-1.jpg,http://fresh.haccp.or.kr/prdimg/2015/201505020127/201505020127-2.jpg
196,201505020125 ,축산물,유레카목장 숙성치즈,"우유(국산/유레카목장)99%,유산균",알수없음,"1회 제공량(100g)당 함량/총 1회 제공량(100g) 열량 419kcal, 탄수화물 7g(2%), 당류 0g, 단백질 28g(47%), 지방 31g(62%), 포화지방 20g(133%), 트랜스지방 1.6g, 콜레스테롤 116g(39%), 나트륨 830mg(42%) %영양소 기준치:1일 영양소 기준치에 대한 비율",8809457540075 ,반경성치즈,알수없음,유레카영농조합법인 전남 영광읍 월현로 1길 154-30/(061)351-7717,유레카영농조합법인 전남 영광읍 월현로 1길 154-30/(061)351-7717,100g,http://fresh.haccp.or.kr/prdimg/2015/201505020125/201505020125-1.jpg,http://fresh.haccp.or.kr/prdimg/2015/201505020125/201505020125-2.jpg
197,201505020016 ,축산물,청밀원산양유,산양유100%,알수없음,알수없음,알수없음,유제품류,알수없음,청밀원 전라남도 나주시,알수없음,500ml,http://fresh.haccp.or.kr/prdimg/2015/201505020016/201505020016-1.jpg,http://fresh.haccp.or.kr/prdimg/2015/201505020016/201505020016-2.jpg
198,201505020015 ,축산물,청밀원산양유플레인요구르트,산양유 등,알수없음,알수없음,알수없음,유제품류,알수없음,청밀원,알수없음,150ml,http://fresh.haccp.or.kr/prdimg/2015/201505020015/201505020015-1.jpg,http://fresh.haccp.or.kr/prdimg/2015/201505020015/201505020015-2.jpg
199,201505020014 ,축산물,청밀원산양유블루베리요구르트,산양유 등,알수없음,알수없음,알수없음,유제품류,알수없음,청밀원,알수없음,150ml,http://fresh.haccp.or.kr/prdimg/2015/201505020014/201505020014-1.jpg,http://fresh.haccp.or.kr/prdimg/2015/201505020014/201505020014-2.jpg
200,201505020013 ,축산물,청밀원산양유딸기요구르트,산양유 등,알수없음,알수없음,알수없음,유제품류,알수없음,청밀원,알수없음,500ml,http://fresh.haccp.or.kr/prdimg/2015/201505020013/201505020013-1.jpg,http://fresh.haccp.or.kr/prdimg/2015/201505020013/201505020013-2.jpg
