RawKind,vegan,lactoVeg,ovoVeg,lactoOvoVeg,pescoVeg,polloVeg
꽃게추출물,1,1,1,1,0,0
꽃게추출물분말,1,1,1,1,0,0
게농축액분말,1,1,1,1,0,0
붉은대게농축액,1,1,1,1,0,0
꽃게농축액,1,1,1,1,0,0
게농축액,1,1,1,1,0,0
게농축액분말,1,1,1,1,0,0
꽃게짬뽕해물건더기,1,1,1,1,0,0
가라아게배터믹스,1,1,1,1,0,0
가라아게염지제,1,1,1,1,0,0
콜라겐게이싱,1,1,1,1,0,0
붉은대게농축분말,1,1,1,1,0,0
스파게티소스분말,1,1,1,1,0,0
붉은대게살,1,1,1,1,0,0
게살오므라이스,1,1,1,1,0,0
믹스넛투게더,1,1,1,1,0,0
토마토스파게티소스,1,1,1,1,0,0
가라게알파믹스,1,1,1,1,0,0
부대찌게향미유,1,1,1,1,0,0
게맛살조미후레이크,1,1,1,1,0,0
동결건조스파게티면,1,1,1,1,0,0
붉은대게농축액,1,1,1,1,0,0
홍게,1,1,1,1,0,0
꽃게추출물,1,1,1,1,0,0
붉은대게자숙액,1,1,1,1,0,0
튀긴꽃게오일,1,1,1,1,0,0
스파게티,1,1,1,1,0,0
게맛살,1,1,1,1,0,0
스파게티소스,1,1,1,1,0,0
게엑기스,1,1,1,1,0,0
붉은대게엑기스,1,1,1,1,0,0
게엑기스분말,1,1,1,1,0,0
쓰리인원내츄럴믹스게향,1,1,1,1,0,0
크림스파게티베이스,1,1,1,1,0,0
페스토스파게티야채건더기,1,1,1,1,0,0
게라닐아세테이트,1,1,1,1,0,0
붉은대게농축페이스트,1,1,1,1,0,0
꽃게탕분말스프,1,1,1,1,0,0
일동락토바실루스스포로게네스,1,1,1,1,0,0
게랑드천일염,1,1,1,1,0,0
냉동붉은대게살,1,1,1,1,0,0
구운꽃게엑기스,1,1,1,1,0,0
꽃게씨즈닝분말,1,1,1,1,0,0
스파게티면,1,1,1,1,0,0
홍게살,1,1,1,1,0,0
토마토스파게티소스분말,1,1,1,1,0,0
홍게다리살,1,1,1,1,0,0
동결건조토마토스파게티,1,1,1,1,0,0
꽃게엑기스,1,1,1,1,0,0
마르게리타다이스토마토,1,1,1,1,0,0
멍게,1,1,1,1,0,0
울진붉은대게,1,1,1,1,0,0
대게페이스트,1,1,1,1,0,0
부대찌게맛분말,1,1,1,1,0,0
게향,1,1,1,1,0,0
홍게맛살,1,1,1,1,0,0
콘베리게이트,1,1,1,1,0,0
크림스파게티분말,1,1,1,1,0,0
조미게엑기스분말,1,1,1,1,0,0
게추출농축액,1,1,1,1,0,0
꽃게,1,1,1,1,0,0
짜파게티맛시즈닝,1,1,1,1,0,0
꽃게농축액,1,1,1,1,0,0
다시마게,1,1,1,1,0,0
투게더클래식,1,1,1,1,0,0
게란후레이크,1,1,1,1,0,0
홍게엑기스분말,1,1,1,1,0,0
가라아게믹스므,1,1,1,1,0,0
치킨엑게스,1,1,1,1,0,0
꽃게짬뽕,1,1,1,1,0,0
꽃게베이스,1,1,1,1,0,0
유게놀,1,1,1,1,0,0
말토게닉아밀라아제,1,1,1,1,0,0
붉은대게다리살,1,1,1,1,0,0
크림스파게티소스,1,1,1,1,0,0
꽃게풍미베이스,1,1,1,1,0,0
칠리토마토스파게티소스,1,1,1,1,0,0
게농축액,1,1,1,1,0,0
게,1,1,1,1,0,0
유화게,1,1,1,1,0,0
게다리살,1,1,1,1,0,0
게라나올,1,1,1,1,0,0
꽃게풍미유,1,1,1,1,0,0
꽃게탕액상스프,1,1,1,1,0,0
게엑기스엔엠,1,1,1,1,0,0
꽃게탕면건더기,1,1,1,1,0,0
생강엑게스분말,1,1,1,1,0,0
가라아게배터,1,1,1,1,0,0
레드가라게믹스,1,1,1,1,0,0
스파게티용믹스,1,1,1,1,0,0
꽃게추출물분말,1,1,1,1,0,0
냉동게,1,1,1,1,0,0
스파게티소스시즈닝믹스,1,1,1,1,0,0
게랑드소금,1,1,1,1,0,0
고등어함유,1,1,1,1,0,0
고등어추출액,1,1,1,1,0,0
고등어추출물,1,1,1,1,0,0
고등어,1,1,1,1,0,0
고등어엑기스,1,1,1,1,0,0
알함유가공품,1,1,0,0,0,0
메추리알,1,1,0,0,0,0
메추리알모양후레이크,1,1,0,0,0,0
깐메추리알,1,1,0,0,0,0
누리웰깐메추리알,1,1,0,0,0,0
달걀,1,1,0,0,0,0
가당난황분말,1,1,0,0,0,0
난황분말,1,1,0,0,0,0
냉동난황,1,1,0,0,0,0
가당난황분말,1,1,0,0,0,0
난황액피엘,1,1,0,0,0,0
난황파우더,1,1,0,0,0,0
난황색,1,1,0,0,0,0
가당난황액,1,1,0,0,0,0
난황분,1,1,0,0,0,0
난황립,1,1,0,0,0,0
난황액,1,1,0,0,0,0
가당난황,1,1,0,0,0,0
계란난황립,1,1,0,0,0,0
난황,1,1,0,0,0,0
유정가염난황,1,1,0,0,0,0
난황오일,1,1,0,0,0,0
난황분말,1,1,0,0,0,0
가염난황액,1,1,0,0,0,0
난황액에스,1,1,0,0,0,0
가염난황,1,1,0,0,0,0
유기농난황액,1,1,0,0,0,0
난황액오티,1,1,0,0,0,0
난백백분말,1,1,0,0,0,0
동결난백,1,1,0,0,0,0
난백파우더,1,1,0,0,0,0
난백가루,1,1,0,0,0,0
난백파우다,1,1,0,0,0,0
분말난백,1,1,0,0,0,0
냉동난백,1,1,0,0,0,0
난백분말,1,1,0,0,0,0
난백액,1,1,0,0,0,0
유난백,1,1,0,0,0,0
난백,1,1,0,0,0,0
난백류,1,1,0,0,0,0
글리신분말난백,1,1,0,0,0,0
살균난백액,1,1,0,0,0,0
대두난백,1,1,0,0,0,0
난백분,1,1,0,0,0,0
난류함유,1,1,0,0,0,0
난각칼슘,1,1,0,0,0,0
난각칼슘정제염,1,1,0,0,0,0
난각칼슘분말,1,1,0,0,0,0
계란함유,1,1,0,0,0,0
국내산계란,1,1,0,0,0,0
누리웰깐계란,1,1,0,0,0,0
삶은계란,1,1,0,0,0,0
계란찜분말,1,1,0,0,0,0
계란,1,1,0,0,0,0
계란맛어포,1,1,0,0,0,0
유기농계란,1,1,0,0,0,0
계란스크램블,1,1,0,0,0,0
계란노른자,1,1,0,0,0,0
땅콩계란,1,1,0,0,0,0
무항생제계란,1,1,0,0,0,0
계란후레이크,1,1,0,0,0,0
계란블럭,1,1,0,0,0,0
계란말이후레이크,1,1,0,0,0,0
계란난황립,1,1,0,0,0,0
계란흰자분말,1,1,0,0,0,0
계란흰자,1,1,0,0,0,0
계란지단,1,1,0,0,0,0
계란구이,1,1,0,0,0,0
계란자숙액,1,1,0,0,0,0
계란흰지분말,1,1,0,0,0,0
계란고명,1,1,0,0,0,0
계란과립,1,1,0,0,0,0
국내산계란,1,1,0,0,0,0
삼계탕베이스분말,1,1,0,0,0,0
오골계,1,1,0,0,0,0
삼계탕용,1,1,0,0,0,0
삼계탕육수농축액,1,1,0,0,0,0
계량메주발효물,1,1,0,0,0,0
누리웰깐계란,1,1,0,0,0,0
삶은계란,1,1,0,0,0,0
삼계탕용육수,1,1,0,0,0,0
계란찜분말,1,1,0,0,0,0
계란,1,1,0,0,0,0
삼계탕맛시즈닝,1,1,0,0,0,0
계정육,1,1,0,0,0,0
육계,1,1,0,0,0,0
계란맛어포,1,1,0,0,0,0
유기농계란,1,1,0,0,0,0
삼계소스,1,1,0,0,0,0
계향,1,1,0,0,0,0
계란스크램블,1,1,0,0,0,0
계란노른자,1,1,0,0,0,0
땅콩계란,1,1,0,0,0,0
계육,1,1,0,0,0,0
제빵계량제,1,1,0,0,0,0
무항생제계란,1,1,0,0,0,0
계란후레이크,1,1,0,0,0,0
기계발골육,1,1,0,0,0,0
계란블럭,1,1,0,0,0,0
계란말이후레이크,1,1,0,0,0,0
계란난황립,1,1,0,0,0,0
계란흰자분말,1,1,0,0,0,0
삼계탕소스,1,1,0,0,0,0
계육액분말,1,1,0,0,0,0
계란흰자,1,1,0,0,0,0
계란지단,1,1,0,0,0,0
계란구이,1,1,0,0,0,0
삼계닭,1,1,0,0,0,0
초계엑기스,1,1,0,0,0,0
계란자숙액,1,1,0,0,0,0
계육추출물,1,1,0,0,0,0
계란흰지분말,1,1,0,0,0,0
계지,1,1,0,0,0,0
계란고명,1,1,0,0,0,0
계란과립,1,1,0,0,0,0
계량메주된장,1,1,0,0,0,0
게란후레이크,1,1,0,0,0,0
치킨본엑스,1,1,1,1,1,0
치킨본엑기스,1,1,1,1,1,0
치킨본추출액,1,1,1,1,1,0
치킨본육추출물,1,1,1,1,1,0
치킨본베이스,1,1,1,1,1,0
닭뼈,1,1,1,1,1,0
닭고기향가루,1,1,1,1,1,0
유기농닭고기,1,1,1,1,1,0
닭고기추출농축액,1,1,1,1,1,0
닭고기정육,1,1,1,1,1,0
조미닭고기후레이크,1,1,1,1,1,0
닭고기맛분말씨즈닝,1,1,1,1,1,0
닭고기향가루,1,1,1,1,1,0
닭고기분쇄육,1,1,1,1,1,0
닭고기살,1,1,1,1,1,0
닭고기맛분말시즈닝,1,1,1,1,1,0
닭고기고명,1,1,1,1,1,0
닭고기향,1,1,1,1,1,0
액상스프중닭고기함량,1,1,1,1,1,0
닭고기분해액,1,1,1,1,1,0
닭고기조미분말,1,1,1,1,1,0
닭고기지방,1,1,1,1,1,0
국산닭고기,1,1,1,1,1,0
조미닭고기후레이트,1,1,1,1,1,0
닭고기안심,1,1,1,1,1,0
농축닭고기부용,1,1,1,1,1,0
마이일반응된닭고기향,1,1,1,1,1,0
닭고기진육,1,1,1,1,1,0
닭고기우엉덮밥,1,1,1,1,1,0
베베닭고기,1,1,1,1,1,0
닭고기,1,1,1,1,1,0
닭고기맛베이스,1,1,1,1,1,0
무항생제닭고기,1,1,1,1,1,0
닭가슴살복합시즈닝,1,1,1,1,1,0
발효닭가슴살,1,1,1,1,1,0
굽네닭가슴살오리지널씨즈닝,1,1,1,1,1,0
국내산닭가슴살,1,1,1,1,1,0
국내산닭가슴살정육,1,1,1,1,1,0
조미닭가슴살후레이크,1,1,1,1,1,0
닭가슴살용염지제,1,1,1,1,1,0
닭가슴살정육,1,1,1,1,1,0
닭가슴살순양념,1,1,1,1,1,0
닭가슴살분말,1,1,1,1,1,0
무항생제닭가슴살,1,1,1,1,1,0
닭가슴살,1,1,1,1,1,0
힘닭가슴살,1,1,1,1,1,0
그릴닭가슴살용염지제,1,1,1,1,1,0
갈릭닭가슴살용염지제,1,1,1,1,1,0
아임닭가슴살시즈닝,1,1,1,1,1,0
닭,1,1,1,1,1,0
아임닭,1,1,1,1,1,0
즉석닭육수,1,1,1,1,1,0
닭추출농축베이스,1,1,1,1,1,0
화끈한불닭소스,1,1,1,1,1,0
닭똥집,1,1,1,1,1,0
통닭,1,1,1,1,1,0
닭뼈,1,1,1,1,1,0
유기농닭고기,1,1,1,1,1,0
닭염통,1,1,1,1,1,0
닭강정시즈닝믹스,1,1,1,1,1,0
닭추출액,1,1,1,1,1,0
닭고기추출농축액,1,1,1,1,1,0
무뼈닭발,1,1,1,1,1,0
닭고기정육,1,1,1,1,1,0
조미닭고기후레이크,1,1,1,1,1,0
안동식찜닭소스,1,1,1,1,1,0
불닭맛씨즈닝,1,1,1,1,1,0
닭고기맛분말씨즈닝,1,1,1,1,1,0
닭고기향가루,1,1,1,1,1,0
닭자숙액,1,1,1,1,1,0
햇불닭소스,1,1,1,1,1,0
닭고기분쇄육,1,1,1,1,1,0
매운닭갈비소스,1,1,1,1,1,0
닭고기살,1,1,1,1,1,0
닭고기맛분말시즈닝,1,1,1,1,1,0
닭고기고명,1,1,1,1,1,0
닭가슴살복합시즈닝,1,1,1,1,1,0
발효닭가슴살,1,1,1,1,1,0
닭다리살,1,1,1,1,1,0
닭유수,1,1,1,1,1,0
닭육수,1,1,1,1,1,0
닭고기향,1,1,1,1,1,0
닭곱창,1,1,1,1,1,0
굽네닭가슴살오리지널씨즈닝,1,1,1,1,1,0
불닭맛씨즈닝에스와이,1,1,1,1,1,0
동해닭강정염지제,1,1,1,1,1,0
국내산닭가슴살,1,1,1,1,1,0
닭근위,1,1,1,1,1,0
국내산닭가슴살정육,1,1,1,1,1,0
닭발육수,1,1,1,1,1,0
조미닭가슴살후레이크,1,1,1,1,1,0
닭가슴살용염지제,1,1,1,1,1,0
삶은닭다리살,1,1,1,1,1,0
매콤불닭양념,1,1,1,1,1,0
닭발효소분해물,1,1,1,1,1,0
액상스프중닭고기함량,1,1,1,1,1,0
닭강정핫베이스,1,1,1,1,1,0
하림닭육수,1,1,1,1,1,0
불닭볶음맛씨즈닝,1,1,1,1,1,0
닭고기분해액,1,1,1,1,1,0
불오닭소스,1,1,1,1,1,0
통닭발,1,1,1,1,1,0
매콤닭발양념장,1,1,1,1,1,0
닭발,1,1,1,1,1,0
닭다리,1,1,1,1,1,0
불닭소스,1,1,1,1,1,0
치즈불닭맛씨즈닝,1,1,1,1,1,0
치즈불닭소스,1,1,1,1,1,0
아임닭카레,1,1,1,1,1,0
닭육수분말베이스,1,1,1,1,1,0
달콤한닭강정소스,1,1,1,1,1,0
닭고기조미분말,1,1,1,1,1,0
닭가슴살정육,1,1,1,1,1,0
닭안심,1,1,1,1,1,0
닭고기지방,1,1,1,1,1,0
닭가슴살순양념,1,1,1,1,1,0
국산닭고기,1,1,1,1,1,0
닭볶음탕양념,1,1,1,1,1,0
허닭시즈닝,1,1,1,1,1,0
하림닭육슈,1,1,1,1,1,0
닭간,1,1,1,1,1,0
닭가슴살분말,1,1,1,1,1,0
무뼈닭발양념,1,1,1,1,1,0
닭다리정육,1,1,1,1,1,0
닭강정맛소스,1,1,1,1,1,0
조미닭고기후레이트,1,1,1,1,1,0
매콤한닭강정소스,1,1,1,1,1,0
화끈불닭소스,1,1,1,1,1,0
닭갈비조미분,1,1,1,1,1,0
불닭볶음맛떡볶이시즈닝,1,1,1,1,1,0
삶은닭발,1,1,1,1,1,0
닭스킨,1,1,1,1,1,0
닭고기안심,1,1,1,1,1,0
닭정육,1,1,1,1,1,0
농축닭고기부용,1,1,1,1,1,0
아임닭소스,1,1,1,1,1,0
닭갈비용양념매운맛,1,1,1,1,1,0
아임닭프랑크소시지시즈닝,1,1,1,1,1,0
수비드닭다리살,1,1,1,1,1,0
불닭구이소스,1,1,1,1,1,0
닭조림양념장,1,1,1,1,1,0
닭갈비볶음,1,1,1,1,1,0
닭볶음소스,1,1,1,1,1,0
마이일반응된닭고기향,1,1,1,1,1,0
닭고기진육,1,1,1,1,1,0
닭고기우엉덮밥,1,1,1,1,1,0
닭육수농축액,1,1,1,1,1,0
닭발발,1,1,1,1,1,0
삼계닭,1,1,1,1,1,0
닭강정파우더,1,1,1,1,1,0
닭갈비맛양념장,1,1,1,1,1,0
무항생제닭가슴살,1,1,1,1,1,0
닭강정소스,1,1,1,1,1,0
닭가슴살,1,1,1,1,1,0
힘닭가슴살,1,1,1,1,1,0
찜닭소스,1,1,1,1,1,0
닭백숙분말,1,1,1,1,1,0
진한닭육수,1,1,1,1,1,0
닭살,1,1,1,1,1,0
닭갈비맛분말,1,1,1,1,1,0
그릴닭가슴살용염지제,1,1,1,1,1,0
핵불닭볶음면소스,1,1,1,1,1,0
비비고닭곰탕육수,1,1,1,1,1,0
닭날개,1,1,1,1,1,0
국물진한닭발육수,1,1,1,1,1,0
닭육수분말,1,1,1,1,1,0
베베닭고기,1,1,1,1,1,0
닭고기,1,1,1,1,1,0
조미닭후레이크,1,1,1,1,1,0
갈릭닭가슴살용염지제,1,1,1,1,1,0
닭고기맛베이스,1,1,1,1,1,0
닭다리형펠렛,1,1,1,1,1,0
아임닭가슴살시즈닝,1,1,1,1,1,0
무항생제닭고기,1,1,1,1,1,0
닭갈비소스,1,1,1,1,1,0
대두함유,0,0,0,0,0,0
유기농탈지대두,0,0,0,0,0,0
탈지대두후레이크,0,0,0,0,0,0
탈지대두단백,0,0,0,0,0,0
탈지대두분,0,0,0,0,0,0
알피탈지대두분,0,0,0,0,0,0
탈지대두분말,0,0,0,0,0,0
알파탈지대두분,0,0,0,0,0,0
볶음탈지대두분,0,0,0,0,0,0
탈지대두인도산,0,0,0,0,0,0
탈지대두,0,0,0,0,0,0
분리대두단백,0,0,0,0,0,0
분리대두단백너겟,0,0,0,0,0,0
대두이소플라본,0,0,0,0,0,0
대듀,0,0,0,0,0,0
대두함유,0,0,0,0,0,0
대두포함,0,0,0,0,0,0
부분경화대두유,0,0,0,0,0,0
정제대두유,0,0,0,0,0,0
대두유,0,0,0,0,0,0
경화대두유,0,0,0,0,0,0
대두유액,0,0,0,0,0,0
유기농대두유,0,0,0,0,0,0
유기대두유,0,0,0,0,0,0
대두유혼합제제,0,0,0,0,0,0
대두볼,0,0,0,0,0,0
부분경화대두유,0,0,0,0,0,0
볶음대두분,0,0,0,0,0,0
수용성대두다당류,0,0,0,0,0,0
대두분등,0,0,0,0,0,0
대두액,0,0,0,0,0,0
조직농축대두단백,0,0,0,0,0,0
대두재래된장,0,0,0,0,0,0
대두단백분발,0,0,0,0,0,0
대두응고제,0,0,0,0,0,0
대두다낵,0,0,0,0,0,0
대두단백후레이크,0,0,0,0,0,0
대두형,0,0,0,0,0,0
미트프로엠대두단백,0,0,0,0,0,0
조미대두단백,0,0,0,0,0,0
대두산백,0,0,0,0,0,0
대두함유,0,0,0,0,0,0
찐대두분,0,0,0,0,0,0
대두조직단백,0,0,0,0,0,0
대두인지질,0,0,0,0,0,0
조직화대두단백,0,0,0,0,0,0
콩단백발효액대두,0,0,0,0,0,0
발효대두추출혼합분말,0,0,0,0,0,0
유기농탈지대두,0,0,0,0,0,0
찐대두분말,0,0,0,0,0,0
대두분리단백,0,0,0,0,0,0
탈지대두후레이크,0,0,0,0,0,0
탈지대두단백,0,0,0,0,0,0
대두분리단백너겟,0,0,0,0,0,0
대두고형분,0,0,0,0,0,0
볶음대두분말,0,0,0,0,0,0
대두화이바,0,0,0,0,0,0
무농약대두분,0,0,0,0,0,0
탈지대두분,0,0,0,0,0,0
대두분,0,0,0,0,0,0
분리대두단백,0,0,0,0,0,0
대두콩,0,0,0,0,0,0
정제대두유,0,0,0,0,0,0
건조대두단백,0,0,0,0,0,0
대두단백분말,0,0,0,0,0,0
대두경화유,0,0,0,0,0,0
알피탈지대두분,0,0,0,0,0,0
무농약대두,0,0,0,0,0,0
발효대두페이스트,0,0,0,0,0,0
탈지대두분말,0,0,0,0,0,0
미배아대두발효추출물,0,0,0,0,0,0
대두너겟,0,0,0,0,0,0
대두유,0,0,0,0,0,0
양파대두단백,0,0,0,0,0,0
대두에스테르화유,0,0,0,0,0,0
대두추출물분말,0,0,0,0,0,0
간장대두,0,0,0,0,0,0
대두,0,0,0,0,0,0
대두당백,0,0,0,0,0,0
경화대두유,0,0,0,0,0,0
알파탈지대두분,0,0,0,0,0,0
대두다당,0,0,0,0,0,0
농출대두단백,0,0,0,0,0,0
대두유액,0,0,0,0,0,0
대두볶음콩가루,0,0,0,0,0,0
대두레시틴,0,0,0,0,0,0
입자성대두단백,0,0,0,0,0,0
가수분해대두단백,0,0,0,0,0,0
대두분말,0,0,0,0,0,0
대두식이섬유결정과당,0,0,0,0,0,0
유기농대두,0,0,0,0,0,0
농축대두단백월콘에스제이,0,0,0,0,0,0
대두조직단백질,0,0,0,0,0,0
조직대두단백,0,0,0,0,0,0
대두펩타이드,0,0,0,0,0,0
대두가루,0,0,0,0,0,0
대두레시틴분말,0,0,0,0,0,0
알파대두분,0,0,0,0,0,0
대두화이버,0,0,0,0,0,0
유기농대두유,0,0,0,0,0,0
농추대두단백,0,0,0,0,0,0
농축대두단백,0,0,0,0,0,0
대두볶음분말,0,0,0,0,0,0
대두난백,0,0,0,0,0,0
대두식이섬유,0,0,0,0,0,0
볶음탈지대두분,0,0,0,0,0,0
대두리세틴,0,0,0,0,0,0
입상대두단백,0,0,0,0,0,0
가수분해대두단백질,0,0,0,0,0,0
탈지대두인도산,0,0,0,0,0,0
탈지대두,0,0,0,0,0,0
유기대두유,0,0,0,0,0,0
대두다당유,0,0,0,0,0,0
대두이소플라본,0,0,0,0,0,0
볶은대두분말,0,0,0,0,0,0
대두류,0,0,0,0,0,0
대두유혼합제제,0,0,0,0,0,0
대두다당류,0,0,0,0,0,0
분리대두단백너겟,0,0,0,0,0,0
볶은대두분,0,0,0,0,0,0
부리대두단백,0,0,0,0,0,0
국산대두,0,0,0,0,0,0
대두발효펩타이드,0,0,0,0,0,0
대두단백,0,0,0,0,0,0
발아적두,0,0,0,0,0,0
적두설기,0,0,0,0,0,0
적두,0,0,0,0,0,0
타요견과,0,0,0,0,0,0
콩발효맛내기진,0,0,0,0,0,0
배합땅콩,0,0,0,0,0,0
콩발효농축액,0,0,0,0,0,0
김치맛콩나물분말,0,0,0,0,0,0
분말콩국,0,0,0,0,0,0
볶은검정콩,0,0,0,0,0,0
땅콩향,0,0,0,0,0,0
생콩가루,0,0,0,0,0,0
튀김땅콩,0,0,0,0,0,0
렌틸콩분말,0,0,0,0,0,0
콩이온엿,0,0,0,0,0,0
검은콩나또,0,0,0,0,0,0
볶음분태땅콩,0,0,0,0,0,0
볶은콩,0,0,0,0,0,0
구운검은콩,0,0,0,0,0,0
흰콩,0,0,0,0,0,0
검은콩농축액,0,0,0,0,0,0
땅콩가공분,0,0,0,0,0,0
적강낭콩,0,0,0,0,0,0
유기농콩,0,0,0,0,0,0
완두콩꼬마새송이야채절임,0,0,0,0,0,0
식물성콩발효베이스,0,0,0,0,0,0
강남콩,0,0,0,0,0,0
볶은콩가루,0,0,0,0,0,0
로커스트콩검,0,0,0,0,0,0
현미귀리퀴노아렌틸콩혼합분말,0,0,0,0,0,0
볶음알땅콩,0,0,0,0,0,0
약콩,0,0,0,0,0,0
콩고물크림,0,0,0,0,0,0
볶은콩눈,0,0,0,0,0,0
동결건조완두콩,0,0,0,0,0,0
콩고물호두,0,0,0,0,0,0
콩향키베이스,0,0,0,0,0,0
검정콩,0,0,0,0,0,0
검정콩보리밥,0,0,0,0,0,0
검은콩추출물,0,0,0,0,0,0
콩단백발효물,0,0,0,0,0,0
작두콩,0,0,0,0,0,0
안동검은콩낫또,0,0,0,0,0,0
밤콩,0,0,0,0,0,0
검은콩분말,0,0,0,0,0,0
검은콩향,0,0,0,0,0,0
땅콩코팅분태,0,0,0,0,0,0
땅콩유,0,0,0,0,0,0
고추장용콩메주,0,0,0,0,0,0
볶은콩향,0,0,0,0,0,0
우리콩메주,0,0,0,0,0,0
스키피땅콩버터,0,0,0,0,0,0
땅콩가루,0,0,0,0,0,0
조검정콩,0,0,0,0,0,0
콩단백발효액대두,0,0,0,0,0,0
구운땅콩,0,0,0,0,0,0
랜틸콩분말,0,0,0,0,0,0
자연숙성콩발효맛내기,0,0,0,0,0,0
우리콩양조원액,0,0,0,0,0,0
조미콩단백,0,0,0,0,0,0
땅콩버터향,0,0,0,0,0,0
콩초코스위트,0,0,0,0,0,0
일반콩가루,0,0,0,0,0,0
초코땅콩,0,0,0,0,0,0
매실콩발효액,0,0,0,0,0,0
강낭콩,0,0,0,0,0,0
콩식용유,0,0,0,0,0,0
유기농쥐눈이콩,0,0,0,0,0,0
검은콩추출액,0,0,0,0,0,0
하이올레익볶음땅콩,0,0,0,0,0,0
볶음렌틸콩,0,0,0,0,0,0
완두콩,0,0,0,0,0,0
콩발효맛내기분말,0,0,0,0,0,0
볶은렌틸콩가루,0,0,0,0,0,0
콩나물추출농축액,0,0,0,0,0,0
대두콩,0,0,0,0,0,0
땅콩계란,0,0,0,0,0,0
콩,0,0,0,0,0,0
초코크림땅콩분말,0,0,0,0,0,0
가염땅콩페이스트,0,0,0,0,0,0
땅콩강정,0,0,0,0,0,0
크리미땅콩버터,0,0,0,0,0,0
알땅콩,0,0,0,0,0,0
동결건조검은콩,0,0,0,0,0,0
볶음땅콩,0,0,0,0,0,0
국산콩된장,0,0,0,0,0,0
땅콩오일,0,0,0,0,0,0
국산콩가루,0,0,0,0,0,0
발아약콩,0,0,0,0,0,0
땅콩,0,0,0,0,0,0
콩과당,0,0,0,0,0,0
볶음콩베이스분말,0,0,0,0,0,0
콩향,0,0,0,0,0,0
메주콩,0,0,0,0,0,0
콩발효추출분물,0,0,0,0,0,0
콩가루,0,0,0,0,0,0
구운렌틸콩,0,0,0,0,0,0
이가네볶음콩가루,0,0,0,0,0,0
땅콩볶음분,0,0,0,0,0,0
볶음땅콩분말,0,0,0,0,0,0
콩고물,0,0,0,0,0,0
자연콩발효액,0,0,0,0,0,0
렌즈콩,0,0,0,0,0,0
땅콩혼합분말,0,0,0,0,0,0
땅콩또는견과류가공품,0,0,0,0,0,0
햇살콩국산두부,0,0,0,0,0,0
구수한메주콩된장,0,0,0,0,0,0
렌팅콩분말,0,0,0,0,0,0
콩간장,0,0,0,0,0,0
완두콩과립,0,0,0,0,0,0
대두볶음콩가루,0,0,0,0,0,0
콩단백분말,0,0,0,0,0,0
콩고물가루,0,0,0,0,0,0
코팅땅콩반태,0,0,0,0,0,0
콩발효추출물분말,0,0,0,0,0,0
완두콩퓨레,0,0,0,0,0,0
콩기름,0,0,0,0,0,0
녹차와사비완두콩,0,0,0,0,0,0
호경콩단백,0,0,0,0,0,0
해찬들콩발효메주된장,0,0,0,0,0,0
콩나물추출물분말,0,0,0,0,0,0
콩발효맛내기,0,0,0,0,0,0
강낭콩앙금,0,0,0,0,0,0
땅콩소보루,0,0,0,0,0,0
국산콩메주,0,0,0,0,0,0
렌틸콩생나또,0,0,0,0,0,0
배합땅콩버터,0,0,0,0,0,0
발아약콩분말,0,0,0,0,0,0
건완두콩,0,0,0,0,0,0
검은콩가루,0,0,0,0,0,0
볶은렌틸콩,0,0,0,0,0,0
땅콩분,0,0,0,0,0,0
땅콩전지,0,0,0,0,0,0
로커스트콩염,0,0,0,0,0,0
로코스트콩검,0,0,0,0,0,0
볶음콩가루,0,0,0,0,0,0
병아리콩볶음,0,0,0,0,0,0
렌탈콩,0,0,0,0,0,0
땅콩맛크림,0,0,0,0,0,0
새우땅콩볼,0,0,0,0,0,0
땅콩분말,0,0,0,0,0,0
율무땅콩,0,0,0,0,0,0
국산콩두유액,0,0,0,0,0,0
홍콩치킨베터,0,0,0,0,0,0
커피땅콩분태,0,0,0,0,0,0
동결건조검정콩,0,0,0,0,0,0
콩비지,0,0,0,0,0,0
조미콩단백분,0,0,0,0,0,0
검정콩가루,0,0,0,0,0,0
콩나물,0,0,0,0,0,0
땅콩함유,0,0,0,0,0,0
볶음땅콩반태,0,0,0,0,0,0
냉동콩국물,0,0,0,0,0,0
국산검은콩,0,0,0,0,0,0
볶음렌틸콩분말,0,0,0,0,0,0
탈지땅콩분말,0,0,0,0,0,0
콩나물엑기스분말,0,0,0,0,0,0
콩고물향,0,0,0,0,0,0
열풍병아리콩,0,0,0,0,0,0
국산콩,0,0,0,0,0,0
약콩분말,0,0,0,0,0,0
콩코드포도농축액,0,0,0,0,0,0
검정콩고형분,0,0,0,0,0,0
꿀탕콩,0,0,0,0,0,0
볶은렌틸콩분말,0,0,0,0,0,0
그린콩,0,0,0,0,0,0
검정콩볶은분말,0,0,0,0,0,0
쥐눈이콩,0,0,0,0,0,0
흰강낭콩,0,0,0,0,0,0
볶은콩향오일,0,0,0,0,0,0
자연숙성콩발효액깊은맛,0,0,0,0,0,0
자연숙성콩발효액,0,0,0,0,0,0
홀레드렌틸콩분말,0,0,0,0,0,0
로거스트콩검,0,0,0,0,0,0
땅콩반태,0,0,0,0,0,0
검은콩,0,0,0,0,0,0
콩고물아몬드,0,0,0,0,0,0
스키피땅콩버터크리미,0,0,0,0,0,0
콩나물잡채,0,0,0,0,0,0
검은콩보리밥,0,0,0,0,0,0
로커스콩검,0,0,0,0,0,0
강낭콩설기,0,0,0,0,0,0
콩코드포도과즙으로,0,0,0,0,0,0
그린콩씨,0,0,0,0,0,0
리마콩,0,0,0,0,0,0
이집트콩,0,0,0,0,0,0
볶은콩초코코팅,0,0,0,0,0,0
콩단백,0,0,0,0,0,0
베베콩고기,0,0,0,0,0,0
검은콩추출농축액,0,0,0,0,0,0
볶음땅콩분태,0,0,0,0,0,0
볶은검은콩분말,0,0,0,0,0,0
식물성콩발효액,0,0,0,0,0,0
볶은검정콩가루,0,0,0,0,0,0
땅콩크림,0,0,0,0,0,0
땅콩버터,0,0,0,0,0,0
땅콩분태,0,0,0,0,0,0
땅콩알갱이,0,0,0,0,0,0
땅콩전지분,0,0,0,0,0,0
볶음콩분말,0,0,0,0,0,0
볶음콩가루분말,0,0,0,0,0,0
콩나물장국분,0,0,0,0,0,0
완두콩플레이크,0,0,0,0,0,0
꿀땅콩,0,0,0,0,0,0
발아강낭콩,0,0,0,0,0,0
발효렌틸콩볶음분말,0,0,0,0,0,0
볶음콩베이스,0,0,0,0,0,0
강낭콩배기,0,0,0,0,0,0
콩나물엑기스,0,0,0,0,0,0
국산콩생나또,0,0,0,0,0,0
천연땅콩향,0,0,0,0,0,0
로스트콩검,0,0,0,0,0,0
찹쌀땅콩,0,0,0,0,0,0
콩국물,0,0,0,0,0,0
입힘땅콩,0,0,0,0,0,0
렌틸콩,0,0,0,0,0,0
콩단백발효액,0,0,0,0,0,0
땅콩밀키,0,0,0,0,0,0
울타리콩,0,0,0,0,0,0
콩메주,0,0,0,0,0,0
당코팅땅콩조각,0,0,0,0,0,0
검정약콩,0,0,0,0,0,0
땅콩페이스트,0,0,0,0,0,0
검정콩분말,0,0,0,0,0,0
커피땅콩,0,0,0,0,0,0
유기농콩코드포도농축액,0,0,0,0,0,0
렌틸콩볶음분말,0,0,0,0,0,0
국산약콩,0,0,0,0,0,0
풋콩,0,0,0,0,0,0
동부콩,0,0,0,0,0,0
콩분말,0,0,0,0,0,0
날콩,0,0,0,0,0,0
국산콩발효액,0,0,0,0,0,0
두부,0,0,0,0,0,0
두부코코넛가츠,0,0,0,0,0,0
리얼탱탱두부,0,0,0,0,0,0
마파두부소스,0,0,0,0,0,0
진두부순대양념,0,0,0,0,0,0
가공두부,0,0,0,0,0,0
담백한두부덮밥,0,0,0,0,0,0
두부카츠,0,0,0,0,0,0
동결건조두부,0,0,0,0,0,0
두부코코넛치킨까스,0,0,0,0,0,0
두부적네모떡갈비,0,0,0,0,0,0
햇살콩국산두부,0,0,0,0,0,0
두부판자넬라샐러드믹스,0,0,0,0,0,0
두부응고제,0,0,0,0,0,0
동결건조두부디이스,0,0,0,0,0,0
순두부,0,0,0,0,0,0
연두부,0,0,0,0,0,0
두부코코넛돈까스,0,0,0,0,0,0
건조조미유부,0,0,0,0,0,0
조미유부,0,0,0,0,0,0
건조조미유부,0,0,0,0,0,0
유부초밥조미볶음,0,0,0,0,0,0
유부,0,0,0,0,0,0
고단백건조유부,0,0,0,0,0,0
유부조미액,0,0,0,0,0,0
유부조미액베이스,0,0,0,0,0,0
조미유부,0,0,0,0,0,0
갈비본살,1,1,1,1,1,1
돼지고기목살,1,1,1,1,1,1
돼지고기,1,1,1,1,1,1
돼지고기등심,1,1,1,1,1,1
돼지고기용양념소스,1,1,1,1,1,1
돼지고기뒷다리,1,1,1,1,1,1
무항생제돼지고기,1,1,1,1,1,1
돼지고기안심,1,1,1,1,1,1
제주산흑돼지고기,1,1,1,1,1,1
다진돼지고기,1,1,1,1,1,1
돼지고기목뼈,1,1,1,1,1,1
수입냉동돼지고기,1,1,1,1,1,1
냉동돼지고기,1,1,1,1,1,1
돼지고기지방,1,1,1,1,1,1
국산돼지고기,1,1,1,1,1,1
돼지고기삼겹살,1,1,1,1,1,1
돼지고기베이스,1,1,1,1,1,1
돼지고기정육,1,1,1,1,1,1
유기농돼지고기,1,1,1,1,1,1
돼지고기갈비살,1,1,1,1,1,1
돼지불고기,1,1,1,1,1,1
돼지목심살,1,1,1,1,1,1
돼지고기목살,1,1,1,1,1,1
소들녘돼지양념소스,1,1,1,1,1,1
돼지감자과즙농축액,1,1,1,1,1,1
돼지고기,1,1,1,1,1,1
돼지곱창,1,1,1,1,1,1
돼지고기등심,1,1,1,1,1,1
돼지갈매기살,1,1,1,1,1,1
돼지삼겹,1,1,1,1,1,1
돼지고기용양념소스,1,1,1,1,1,1
돼지정육,1,1,1,1,1,1
돼지고기뒷다리,1,1,1,1,1,1
돼지머리고기,1,1,1,1,1,1
흑돼지,1,1,1,1,1,1
돼지껍데기,1,1,1,1,1,1
양념돼지불고기,1,1,1,1,1,1
삶은돼지곱창,1,1,1,1,1,1
무항생제돼지고기,1,1,1,1,1,1
돼지등뼈추출물,1,1,1,1,1,1
돼지갈비양념장,1,1,1,1,1,1
돼지소창,1,1,1,1,1,1
돼지고기안심,1,1,1,1,1,1
삶은돼지막창,1,1,1,1,1,1
흑돼지구이용,1,1,1,1,1,1
돼지지육,1,1,1,1,1,1
양념소스돼지장,1,1,1,1,1,1
돼지갈비,1,1,1,1,1,1
돼지장족,1,1,1,1,1,1
유기농돼지감자농축액,1,1,1,1,1,1
제주산흑돼지고기,1,1,1,1,1,1
돼지지방,1,1,1,1,1,1
돼지,1,1,1,1,1,1
다진돼지고기,1,1,1,1,1,1
돼지갈비살,1,1,1,1,1,1
돼지앞다리,1,1,1,1,1,1
돼지감자분말,1,1,1,1,1,1
돼지고기목뼈,1,1,1,1,1,1
돼지감자농축액,1,1,1,1,1,1
돼지간,1,1,1,1,1,1
돼지오돌뼈,1,1,1,1,1,1
돼지등갈비,1,1,1,1,1,1
돼지소장,1,1,1,1,1,1
수입냉동돼지고기,1,1,1,1,1,1
돼지족,1,1,1,1,1,1
돼지족발,1,1,1,1,1,1
냉동돼지고기,1,1,1,1,1,1
돼지껍질,1,1,1,1,1,1
돼지뼈추출물,1,1,1,1,1,1
돼지갈비양념,1,1,1,1,1,1
꿀맛돼지갈비장,1,1,1,1,1,1
돼지목살,1,1,1,1,1,1
다진돼지고긱,1,1,1,1,1,1
돼지등뼈,1,1,1,1,1,1
돼지뼈,1,1,1,1,1,1
돼지선지,1,1,1,1,1,1
돼지고기지방,1,1,1,1,1,1
돼지삼겹살,1,1,1,1,1,1
허브돼지막창,1,1,1,1,1,1
돼지불고기양념,1,1,1,1,1,1
돼지뒷다리,1,1,1,1,1,1
국산돼지고기,1,1,1,1,1,1
돼지고기삼겹살,1,1,1,1,1,1
돼지고기베이스,1,1,1,1,1,1
돼지고기정육,1,1,1,1,1,1
돼지전지,1,1,1,1,1,1
돼지사태,1,1,1,1,1,1
돼지감자,1,1,1,1,1,1
돼지안심살,1,1,1,1,1,1
유기농돼지고기,1,1,1,1,1,1
돼지등심,1,1,1,1,1,1
돼지막창,1,1,1,1,1,1
돼지고기갈비살,1,1,1,1,1,1
돼지뒷다리살,1,1,1,1,1,1
제주돼지갈릭구이,1,1,1,1,1,1
땅콩함유,0,0,0,0,0,0
꿀탕콩,0,0,0,0,0,0
땅콩함유,0,0,0,0,0,0
땅콩볶음분,0,0,0,0,0,0
배합땅콩,0,0,0,0,0,0
땅콩향,0,0,0,0,0,0
튀김땅콩,0,0,0,0,0,0
볶음분태땅콩,0,0,0,0,0,0
땅콩가공분,0,0,0,0,0,0
볶음알땅콩,0,0,0,0,0,0
땅콩코팅분태,0,0,0,0,0,0
땅콩유,0,0,0,0,0,0
스키피땅콩버터,0,0,0,0,0,0
땅콩가루,0,0,0,0,0,0
구운땅콩,0,0,0,0,0,0
땅콩버터향,0,0,0,0,0,0
초코땅콩,0,0,0,0,0,0
하이올레익볶음땅콩,0,0,0,0,0,0
땅콩계란,0,0,0,0,0,0
초코크림땅콩분말,0,0,0,0,0,0
가염땅콩페이스트,0,0,0,0,0,0
땅콩강정,0,0,0,0,0,0
크리미땅콩버터,0,0,0,0,0,0
알땅콩,0,0,0,0,0,0
볶음땅콩,0,0,0,0,0,0
땅콩오일,0,0,0,0,0,0
땅콩,0,0,0,0,0,0
땅콩볶음분,0,0,0,0,0,0
볶음땅콩분말,0,0,0,0,0,0
땅콩혼합분말,0,0,0,0,0,0
땅콩또는견과류가공품,0,0,0,0,0,0
코팅땅콩반태,0,0,0,0,0,0
땅콩소보루,0,0,0,0,0,0
배합땅콩버터,0,0,0,0,0,0
땅콩분,0,0,0,0,0,0
땅콩전지,0,0,0,0,0,0
땅콩맛크림,0,0,0,0,0,0
새우땅콩볼,0,0,0,0,0,0
땅콩분말,0,0,0,0,0,0
율무땅콩,0,0,0,0,0,0
커피땅콩분태,0,0,0,0,0,0
땅콩함유,0,0,0,0,0,0
볶음땅콩반태,0,0,0,0,0,0
탈지땅콩분말,0,0,0,0,0,0
땅콩반태,0,0,0,0,0,0
스키피땅콩버터크리미,0,0,0,0,0,0
볶음땅콩분태,0,0,0,0,0,0
땅콩크림,0,0,0,0,0,0
땅콩버터,0,0,0,0,0,0
땅콩분태,0,0,0,0,0,0
땅콩알갱이,0,0,0,0,0,0
땅콩전지분,0,0,0,0,0,0
꿀땅콩,0,0,0,0,0,0
천연땅콩향,0,0,0,0,0,0
찹쌀땅콩,0,0,0,0,0,0
입힘땅콩,0,0,0,0,0,0
땅콩밀키,0,0,0,0,0,0
당코팅땅콩조각,0,0,0,0,0,0
땅콩페이스트,0,0,0,0,0,0
커피땅콩,0,0,0,0,0,0
카라멜코팅아몬드,0,0,0,0,0,0
후렌치후라이드아몬드,0,0,0,0,0,0
코팅아몬드,0,0,0,0,0,0
벚꽃향가득아몬드,0,0,0,0,0,0
볶음슬라이스아몬드,0,0,0,0,0,0
치즈유산균아몬드,0,0,0,0,0,0
버터갈릭맛아몬드,0,0,0,0,0,0
볶음아몬드분태,0,0,0,0,0,0
아몬드향,0,0,0,0,0,0
아몬드볼에이,0,0,0,0,0,0
볶음아몬드,0,0,0,0,0,0
흑미아몬드강정,0,0,0,0,0,0
허니버터아몬드,0,0,0,0,0,0
아몬드크림,0,0,0,0,0,0
아몬드파우더,0,0,0,0,0,0
허니버터아몬드분태,0,0,0,0,0,0
드라이아몬드,0,0,0,0,0,0
아몬드슬라이스,0,0,0,0,0,0
아몬드플레이크,0,0,0,0,0,0
아몬드,0,0,0,0,0,0
아몬드가루,0,0,0,0,0,0
백미아몬드컵샐러드,0,0,0,0,0,0
구운아몬드,0,0,0,0,0,0
떡볶이맛아몬드,0,0,0,0,0,0
통아몬드,0,0,0,0,0,0
당코팅아몬드분태,0,0,0,0,0,0
아몬드향분말,0,0,0,0,0,0
볶음아몬드완태,0,0,0,0,0,0
유기농슬라이스아몬드,0,0,0,0,0,0
아몬드분말,0,0,0,0,0,0
아몬드페이스,0,0,0,0,0,0
아몬드페이스트,0,0,0,0,0,0
볶은아몬드,0,0,0,0,0,0
현미아몬드,0,0,0,0,0,0
아몬드향베이스,0,0,0,0,0,0
고구마아몬드용시즈닝,0,0,0,0,0,0
아몬드코팅분태,0,0,0,0,0,0
아몬드액,0,0,0,0,0,0
아몬드프랄린,0,0,0,0,0,0
슬라이스아몬드,0,0,0,0,0,0
콩고물아몬드,0,0,0,0,0,0
아몬드분태,0,0,0,0,0,0
백아몬드분말,0,0,0,0,0,0
아몬드크랜베리혼합분태,0,0,0,0,0,0
아몬드알갱이,0,0,0,0,0,0
구운아몬드분태,0,0,0,0,0,0
아몬드초코볼,0,0,0,0,0,0
천연아몬드향,0,0,0,0,0,0
아몬드분,0,0,0,0,0,0
아몬드유,0,0,0,0,0,0
볶음아몬드분말,0,0,0,0,0,0
콘소메맛아몬드,0,0,0,0,0,0
당코팅아몬드,0,0,0,0,0,0
피칸,0,0,0,0,0,0
구운피칸,0,0,0,0,0,0
허니버터피칸,0,0,0,0,0,0
제일제면소혼합메밀가루,0,0,0,0,0,0
메밀가루,0,0,0,0,0,0
볶음메밀가루,0,0,0,0,0,0
혼합메밀가루,0,0,0,0,0,0
메밀가루프리믹스,0,0,0,0,0,0
볶은메밀가루,0,0,0,0,0,0
메밀가루혼합분말,0,0,0,0,0,0
통메밀,0,0,0,0,0,0
가쓰오부시맛메밀스프,0,0,0,0,0,0
알파메밀분,0,0,0,0,0,0
제일제면소혼합메밀가루,0,0,0,0,0,0
자맛메밀막국수건더기,0,0,0,0,0,0
자맛메밀냉소바액상스프,0,0,0,0,0,0
메밀가루,0,0,0,0,0,0
메밀생면용건더기,0,0,0,0,0,0
자맛메밀냉소바건더기,0,0,0,0,0,0
볶음메밀가루,0,0,0,0,0,0
메밀쌀,0,0,0,0,0,0
볶음메밀분말,0,0,0,0,0,0
혼합메밀가루,0,0,0,0,0,0
타타리메밀,0,0,0,0,0,0
프리믹스메밀,0,0,0,0,0,0
메밀가루프리믹스,0,0,0,0,0,0
자맛황태메밀막국수건더기,0,0,0,0,0,0
자맛메밀막국수액상스프,0,0,0,0,0,0
볶은달단메밀,0,0,0,0,0,0
볶은메밀가루,0,0,0,0,0,0
메밀가루혼합분말,0,0,0,0,0,0
메밀,0,0,0,0,0,0
볶음메밀분,0,0,0,0,0,0
가공밀가루,0,0,0,0,0,0
강력밀가루,0,0,0,0,0,0
건조당밀,0,0,0,0,0,0
건조분말당밀,0,0,0,0,0,0
고운통밀가루,0,0,0,0,0,0
고추장볶음분말,0,0,0,0,0,0
국내산밀,0,0,0,0,0,0
그라함밀,0,0,0,0,0,0
기타밀가루,0,0,0,0,0,0
낙우밀,0,0,0,0,0,0
녹차밀,0,0,0,0,0,0
당밀,0,0,0,0,0,0
당밀분말,0,0,0,0,0,0
당밀시럼,0,0,0,0,0,0
당밀시럽,0,0,0,0,0,0
대두볶음분말,0,0,0,0,0,0
데일리밀키,0,0,0,0,0,0
동충하초밀리타리스,0,0,0,0,0,0
듀럼밀,0,0,0,0,0,0
딸기밀,0,0,0,0,0,0
땅콩밀키,0,0,0,0,0,0
떡볶이떡,0,0,0,0,0,0
락토밀,0,0,0,0,0,0
렌틸콩볶음분말,0,0,0,0,0,0
로만밀베이커스믹스,0,0,0,0,0,0
리치밀감자전분가공품,0,0,0,0,0,0
말랑밀떡볶이떡,0,0,0,0,0,0
말토게닉아밀라아제,0,0,0,0,0,0
맥아호밀가루,0,0,0,0,0,0
멀티밀레감자전분,0,0,0,0,0,0
무농약밀가루,0,0,0,0,0,0
무농약백밀가루,0,0,0,0,0,0
무농약우리밀,0,0,0,0,0,0
무농약우리밀백밀가루,0,0,0,0,0,0
무농약우리밀빵가루,0,0,0,0,0,0
밀,0,0,0,0,0,0
밀가,0,0,0,0,0,0
밀가루,0,0,0,0,0,0
밀가루풀,0,0,0,0,0,0
밀가류,0,0,0,0,0,0
밀감,0,0,0,0,0,0
밀감꿀,0,0,0,0,0,0
밀감농축액,0,0,0,0,0,0
밀글루텐,0,0,0,0,0,0
밀납,0,0,0,0,0,0
밀단백,0,0,0,0,0,0
밀단백농축분말,0,0,0,0,0,0
밀단백분말,0,0,0,0,0,0
밀단백질,0,0,0,0,0,0
밀단백추출물,0,0,0,0,0,0
밀락골드,0,0,0,0,0,0
밀리타리스동충하초,0,0,0,0,0,0
밀리터리스,0,0,0,0,0,0
밀발효물,0,0,0,0,0,0
밀백소맥뻥,0,0,0,0,0,0
밀분해농축액,0,0,0,0,0,0
밀분해액,0,0,0,0,0,0
밀분해추출물,0,0,0,0,0,0
밀분해추출물에이,0,0,0,0,0,0
밀브랜,0,0,0,0,0,0
밀블랜,0,0,0,0,0,0
밀새싹,0,0,0,0,0,0
밀순분말,0,0,0,0,0,0
밀시럽,0,0,0,0,0,0
밀식이섬유,0,0,0,0,0,0
밀싹,0,0,0,0,0,0
밀쌀,0,0,0,0,0,0
밀쌀가루,0,0,0,0,0,0
밀쌀분,0,0,0,0,0,0
밀전분,0,0,0,0,0,0
밀제조전분,0,0,0,0,0,0
밀조제전분,0,0,0,0,0,0
밀추출물,0,0,0,0,0,0
밀플레이크,0,0,0,0,0,0
밀함유,0,0,0,0,0,0
밀함유식품,0,0,0,0,0,0
밀현미,0,0,0,0,0,0
밀황소맥뻥,0,0,0,0,0,0
박력밀가루,0,0,0,0,0,0
발아밀가루,0,0,0,0,0,0
발아밀분말,0,0,0,0,0,0
발아통밀,0,0,0,0,0,0
발아통밀가루,0,0,0,0,0,0
발효렌틸콩볶음분말,0,0,0,0,0,0
복분자밀,0,0,0,0,0,0
볶은밀,0,0,0,0,0,0
볶은통밀분말,0,0,0,0,0,0
볶음밀,0,0,0,0,0,0
비프볶음분말,0,0,0,0,0,0
세전당밀,0,0,0,0,0,0
소밀,0,0,0,0,0,0
스위트밀키시즈닝,0,0,0,0,0,0
쌀떡볶이떡,0,0,0,0,0,0
아마밀,0,0,0,0,0,0
아밀라아제,0,0,0,0,0,0
아파아밀라아제,0,0,0,0,0,0
알파밀가루,0,0,0,0,0,0
알파밀쌀가루,0,0,0,0,0,0
알파아밀라아제,0,0,0,0,0,0
알파아밀라제,0,0,0,0,0,0
알파아밀레아제,0,0,0,0,0,0
알파아밀아아제,0,0,0,0,0,0
야채볶음분말,0,0,0,0,0,0
양파비프볶음분말,0,0,0,0,0,0
영양강화밀가루,0,0,0,0,0,0
오트밀,0,0,0,0,0,0
오트밀분말,0,0,0,0,0,0
오트밀현미분말,0,0,0,0,0,0
온주밀감,0,0,0,0,0,0
우거지밀링,0,0,0,0,0,0
우리밀,0,0,0,0,0,0
우리밀가루,0,0,0,0,0,0
우리밀간장,0,0,0,0,0,0
우리밀고추장,0,0,0,0,0,0
우리밀구운빵가루,0,0,0,0,0,0
우리밀밀가루,0,0,0,0,0,0
우리밀발아통밀가루,0,0,0,0,0,0
우리밀백밀가루,0,0,0,0,0,0
우리밀빵가루,0,0,0,0,0,0
우리밀진간장,0,0,0,0,0,0
우리밀춘장,0,0,0,0,0,0
우리밀통밀가루,0,0,0,0,0,0
우리밀튀김가루,0,0,0,0,0,0
우리백밀가루,0,0,0,0,0,0
유기농밀,0,0,0,0,0,0
유기농밀가루,0,0,0,0,0,0
유기농통밀가루,0,0,0,0,0,0
유기밀가루,0,0,0,0,0,0
유장밀,0,0,0,0,0,0
이소밀토올리고당,0,0,0,0,0,0
이소아밀부틸레이트,0,0,0,0,0,0
이소아밀이소발러레이트,0,0,0,0,0,0
전립밀가루,0,0,0,0,0,0
전지밀,0,0,0,0,0,0
절임고추볶음분말,0,0,0,0,0,0
제육볶음분말,0,0,0,0,0,0
조미밀단백,0,0,0,0,0,0
조미소고기볶음분말,0,0,0,0,0,0
중력밀가루,0,0,0,0,0,0
중앙전지밀,0,0,0,0,0,0
중화풍볶음분말,0,0,0,0,0,0
짜장볶음분말,0,0,0,0,0,0
찐밀쌀가루,0,0,0,0,0,0
치즈밀떡,0,0,0,0,0,0
콘밀,0,0,0,0,0,0
크리밀,0,0,0,0,0,0
탈지밀,0,0,0,0,0,0
통밀,0,0,0,0,0,0
통밀가루,0,0,0,0,0,0
통밀가루강력,0,0,0,0,0,0
통밀분,0,0,0,0,0,0
통밀분말,0,0,0,0,0,0
통밀식빵,0,0,0,0,0,0
통밀플레이크,0,0,0,0,0,0
통밀후레이크씨리얼,0,0,0,0,0,0
통호밀,0,0,0,0,0,0
통호밀플레이크,0,0,0,0,0,0
팽화밀가루,0,0,0,0,0,0
표고버섯볶음분말,0,0,0,0,0,0
푸르밀유크림,0,0,0,0,0,0
피프본밀,0,0,0,0,0,0
한입떡볶이떡,0,0,0,0,0,0
호밀,0,0,0,0,0,0
호밀가루,0,0,0,0,0,0
호밀농축액,0,0,0,0,0,0
호밀발효종,0,0,0,0,0,0
호밀분,0,0,0,0,0,0
호밀분말,0,0,0,0,0,0
호밀식이섬유,0,0,0,0,0,0
호밀플레이크,0,0,0,0,0,0
혼합제제밀가루,0,0,0,0,0,0
활성밀글루텐,0,0,0,0,0,0
활성밀글루텐유화제,0,0,0,0,0,0
후레쉬밀키메스,0,0,0,0,0,0
후레쉬밀키에스,0,0,0,0,0,0
흑미볶음분말,0,0,0,0,0,0
알파소맥분,0,0,0,0,0,0
알파소맥,0,0,0,0,0,0
알파소맥전분,0,0,0,0,0,0
볶음조미소맥분,0,0,0,0,0,0
가공소맥분,0,0,0,0,0,0
알파소맥분,0,0,0,0,0,0
소맥분말,0,0,0,0,0,0
소맥분,0,0,0,0,0,0
듀럼세몰리나소맥분,0,0,0,0,0,0
소맥효소처리스테비아,0,0,0,0,0,0
소맥단백,0,0,0,0,0,0
볶음조미소맥분,0,0,0,0,0,0
밀백소맥뻥,0,0,0,0,0,0
혼합소맥전분,0,0,0,0,0,0
가공소맥분,0,0,0,0,0,0
알파소맥분,0,0,0,0,0,0
소맥전분,0,0,0,0,0,0
활성소맥글루텐,0,0,0,0,0,0
소맥,0,0,0,0,0,0
소맥분말,0,0,0,0,0,0
소맥배아및호분층,0,0,0,0,0,0
유기농소맥,0,0,0,0,0,0
소맥주정,0,0,0,0,0,0
밀황소맥뻥,0,0,0,0,0,0
소맥분,0,0,0,0,0,0
듀럼세몰리나소맥분,0,0,0,0,0,0
아파소맥,0,0,0,0,0,0
소맥글루텐,0,0,0,0,0,0
소맥미국산,0,0,0,0,0,0
알파소맥,0,0,0,0,0,0
알파소맥전분,0,0,0,0,0,0
복훙아,0,0,0,0,0,0
복숭아함유,0,0,0,0,0,0
복숭아홍차분말,0,0,0,0,0,0
복숭아과즙분말,0,0,0,0,0,0
복숭아시럽,0,0,0,0,0,0
복숭아,0,0,0,0,0,0
복숭아농축과즙,0,0,0,0,0,0
복숭아분말향,0,0,0,0,0,0
복숭아청징농축과즙,0,0,0,0,0,0
복숭아농축과즙분말,0,0,0,0,0,0
복숭아향,0,0,0,0,0,0
복숭아향분말,0,0,0,0,0,0
복숭아농축퓨레,0,0,0,0,0,0
복숭아과즙농축액,0,0,0,0,0,0
복숭아다이스,0,0,0,0,0,0
천연복숭아향,0,0,0,0,0,0
복숭아파인애플시럽,0,0,0,0,0,0
복숭아농츱과즙,0,0,0,0,0,0
복숭아농축과즙액,0,0,0,0,0,0
복숭아농축과즈,0,0,0,0,0,0
복숭아퓨레시럽,0,0,0,0,0,0
복숭아청징농축액,0,0,0,0,0,0
복숭아퓨레다이스,0,0,0,0,0,0
복숭아엑기스분말,0,0,0,0,0,0
복숭아다이스시럽,0,0,0,0,0,0
복숭아과즙으로,0,0,0,0,0,0
복숭아크림,0,0,0,0,0,0
복숭아농축액,0,0,0,0,0,0
복숭아액키스,0,0,0,0,0,0
복숭아퓨레,0,0,0,0,0,0
복숭아젬,0,0,0,0,0,0
복숭아홍차혼합분말,0,0,0,0,0,0
복숭아과즙,0,0,0,0,0,0
새우함유,1,1,1,1,0,0
새우함유,1,1,1,1,0,0
새우추출물,1,1,1,1,0,0
새우추출물분말,1,1,1,1,0,0
새우엑기스,1,1,1,1,0,0
새우엑기스분말,1,1,1,1,0,0
꽃새우엑기스,1,1,1,1,0,0
새우엑기스분말엔엠,1,1,1,1,0,0
진한새우엑기스,1,1,1,1,0,0
건새우분말,1,1,1,1,0,0
농축새우분말,1,1,1,1,0,0
새우분말에스,1,1,1,1,0,0
조미새우분말,1,1,1,1,0,0
볶음새우분말,1,1,1,1,0,0
도화새우분말,1,1,1,1,0,0
새우분말,1,1,1,1,0,0
새우가루,1,1,1,1,0,0
건새우분말,1,1,1,1,0,0
자숙새우,1,1,1,1,0,0
새우오일,1,1,1,1,0,0
새우맛덴카츠시즈닝,1,1,1,1,0,0
새우추출분말엔엠,1,1,1,1,0,0
농축새우분말,1,1,1,1,0,0
새우씨즈닝,1,1,1,1,0,0
새우맛볼후레이크,1,1,1,1,0,0
밥새우,1,1,1,1,0,0
새우엑기스,1,1,1,1,0,0
새우펠렛,1,1,1,1,0,0
새우를,1,1,1,1,0,0
새우어묵,1,1,1,1,0,0
새우액젓,1,1,1,1,0,0
새우추출분말,1,1,1,1,0,0
새우분말에스,1,1,1,1,0,0
흰다리새우,1,1,1,1,0,0
새우젓쪽파,1,1,1,1,0,0
구운꽃새우우린육수,1,1,1,1,0,0
새우맛조미유,1,1,1,1,0,0
새우살어묵,1,1,1,1,0,0
건조새우,1,1,1,1,0,0
새우베이스,1,1,1,1,0,0
갈아만든광천토굴새우젓,1,1,1,1,0,0
조미새우분말,1,1,1,1,0,0
종가집새우액젓,1,1,1,1,0,0
새우풍미유,1,1,1,1,0,0
새우탕베이스,1,1,1,1,0,0
새우가루,1,1,1,1,0,0
새우조미분말,1,1,1,1,0,0
새우젓,1,1,1,1,0,0
새우함유,1,1,1,1,0,0
새우모양후레이크,1,1,1,1,0,0
새우엑기스분말,1,1,1,1,0,0
새우소금구이맛시즈닝,1,1,1,1,0,0
새우분,1,1,1,1,0,0
갈은냉동새우,1,1,1,1,0,0
진한새우액젓,1,1,1,1,0,0
꽃새우엑기스,1,1,1,1,0,0
새우추출농축액,1,1,1,1,0,0
홍새우,1,1,1,1,0,0
새우젓발효원액,1,1,1,1,0,0
새우탕맛베이스,1,1,1,1,0,0
새우조미시즈닝,1,1,1,1,0,0
깐풍새우맛시즈닝,1,1,1,1,0,0
새우엑기스분말엔엠,1,1,1,1,0,0
새우맛분말,1,1,1,1,0,0
볶음새우분말,1,1,1,1,0,0
새우농축액,1,1,1,1,0,0
생새우,1,1,1,1,0,0
새우추출물,1,1,1,1,0,0
새우분태분말,1,1,1,1,0,0
꽃새우시즈닝오일,1,1,1,1,0,0
도화새우분말,1,1,1,1,0,0
새우볶음밥용조미액,1,1,1,1,0,0
냉동홍새우,1,1,1,1,0,0
구운새우맛시느징,1,1,1,1,0,0
새우땅콩볼,1,1,1,1,0,0
염장새우,1,1,1,1,0,0
새우,1,1,1,1,0,0
새우추출물분말,1,1,1,1,0,0
새우마요맛씨즈닝,1,1,1,1,0,0
새우시즈닝분말,1,1,1,1,0,0
볶음새우,1,1,1,1,0,0
새우베이스분말,1,1,1,1,0,0
조미새우,1,1,1,1,0,0
참맛새우,1,1,1,1,0,0
진한새우엑기스,1,1,1,1,0,0
자맛새우짬뽕액상스프,1,1,1,1,0,0
새우분말,1,1,1,1,0,0
냉동새우,1,1,1,1,0,0
건조조미새우,1,1,1,1,0,0
솔솔새우,1,1,1,1,0,0
새우씨즈닝분말,1,1,1,1,0,0
새우크래커,1,1,1,1,0,0
새우맛시즈닝,1,1,1,1,0,0
수염새우,1,1,1,1,0,0
구운보리새우우린육수,1,1,1,1,0,0
새우조미액,1,1,1,1,0,0
새우맛볼,1,1,1,1,0,0
새우살,1,1,1,1,0,0
새우형맛살,1,1,1,1,0,0
건새우,1,1,1,1,0,0
흰다리새우살,1,1,1,1,0,0
새우밑국물,1,1,1,1,0,0
새우풍미분,1,1,1,1,0,0
새우젓분말,1,1,1,1,0,0
새우농축페이스트,1,1,1,1,0,0
볶음새우분말,1,1,1,1,0,0
볶음새우,1,1,1,1,0,0
쇠고기함유,1,1,1,1,1,1
우사골추출물,1,1,1,1,1,1
한우사골농축분말,1,1,1,1,1,1
한우사골육수,1,1,1,1,1,1
우사골엑기스,1,1,1,1,1,1
국산한우사골,1,1,1,1,1,1
한우사골도가니추출액,1,1,1,1,1,1
한우사골엑기스,1,1,1,1,1,1
한우사골,1,1,1,1,1,1
한우사골추출액,1,1,1,1,1,1
우사골,1,1,1,1,1,1
한우사골추출물,1,1,1,1,1,1
한우사골풍미분,1,1,1,1,1,1
한우사골추출농축액,1,1,1,1,1,1
한우사골농축액,1,1,1,1,1,1
한우사골뼈추출액,1,1,1,1,1,1
우류,1,1,1,1,1,1
우골엑기스,1,1,1,1,1,1
우골베이스분말,1,1,1,1,1,1
우골엑기스분말,1,1,1,1,1,1
우골베이스,1,1,1,1,1,1
우골조미분말,1,1,1,1,1,1
우골농축액,1,1,1,1,1,1
우골,1,1,1,1,1,1
우골마늘조미분,1,1,1,1,1,1
우골설렁탕분말,1,1,1,1,1,1
우골추출물,1,1,1,1,1,1
쇠고기함유,1,1,1,1,1,1
쇠고기맛양념분말,1,1,1,1,1,1
쇠고기전골에스,1,1,1,1,1,1
쇠고기맛분,1,1,1,1,1,1
쇠고기맛,1,1,1,1,1,1
행복한맛남쇠고기맛국물내기,1,1,1,1,1,1
쇠고기추출액,1,1,1,1,1,1
쇠고기맛분말시즈닝,1,1,1,1,1,1
쇠고기맛조미료엔엠,1,1,1,1,1,1
쇠고기농축조미분,1,1,1,1,1,1
쇠고기진육,1,1,1,1,1,1
한그릇쇠고기우린액,1,1,1,1,1,1
쇠고기시즈닝오일,1,1,1,1,1,1
쇠고기치즈믹스,1,1,1,1,1,1
쇠고기일품다시,1,1,1,1,1,1
고풍미쇠고기분말,1,1,1,1,1,1
쇠고기간장분말,1,1,1,1,1,1
쇠고기양념분말골드,1,1,1,1,1,1
쇠고기육장,1,1,1,1,1,1
쇠고기엑기스,1,1,1,1,1,1
쇠고기육수농축액,1,1,1,1,1,1
쇠고기맛본다시,1,1,1,1,1,1
조미쇠고기분말,1,1,1,1,1,1
쇠고기농축엑기스,1,1,1,1,1,1
쇠고기미다시,1,1,1,1,1,1
쇠고기우린액,1,1,1,1,1,1
쇠고기농축페이스트,1,1,1,1,1,1
쇠고기풍미베이스,1,1,1,1,1,1
쇠고기맛플러스,1,1,1,1,1,1
다시다쇠고기,1,1,1,1,1,1
쇠고기육수,1,1,1,1,1,1
쇠고기다시마,1,1,1,1,1,1
쇠고기칩,1,1,1,1,1,1
쇠고기척롤,1,1,1,1,1,1
쇠고기엑기스페이스트,1,1,1,1,1,1
쇠고기맛베이스,1,1,1,1,1,1
쇠고기장국분말,1,1,1,1,1,1
쇠고기풍미유,1,1,1,1,1,1
갈비맛쇠고기후레이크,1,1,1,1,1,1
카레쇠고기맛씨즈닝,1,1,1,1,1,1
참맛쇠고기양념분말,1,1,1,1,1,1
쇠고기맛국물내기엔엠,1,1,1,1,1,1
쇠고기볶음맛분말,1,1,1,1,1,1
쇠고기다시다용분말,1,1,1,1,1,1
쇠고기조림분말,1,1,1,1,1,1
쇠고기추출분말,1,1,1,1,1,1
참맛매운쇠고기분말,1,1,1,1,1,1
쇠고기찬다시,1,1,1,1,1,1
쇠고기양념분말,1,1,1,1,1,1
쇠고기갈비,1,1,1,1,1,1
쇠고기소스,1,1,1,1,1,1
쇠고기분,1,1,1,1,1,1
쇠고기맛국물내기식,1,1,1,1,1,1
시아스다쇠고기,1,1,1,1,1,1
쇠고기맛나,1,1,1,1,1,1
맑은쇠고기추출농축액,1,1,1,1,1,1
진한쇠고기맛분말,1,1,1,1,1,1
쇠고기조미소스,1,1,1,1,1,1
쇠고기우린분말,1,1,1,1,1,1
건조조미쇠고기,1,1,1,1,1,1
유기농쇠고기,1,1,1,1,1,1
쇠고기육수베이스,1,1,1,1,1,1
효소분해쇠고기엑기스,1,1,1,1,1,1
다림쇠고기육수,1,1,1,1,1,1
쇠고기분해액,1,1,1,1,1,1
쇠고기맛내기,1,1,1,1,1,1
쇠고기다시,1,1,1,1,1,1
쇠고기장조림베이스,1,1,1,1,1,1
쇠고기고추장볶음,1,1,1,1,1,1
쇠고기육편,1,1,1,1,1,1
쇠고기,1,1,1,1,1,1
쇠고기그린다시,1,1,1,1,1,1
쇠고기야채베이스,1,1,1,1,1,1
쇠고기참다시,1,1,1,1,1,1
쇠고기국물농축액,1,1,1,1,1,1
쇠고기가루,1,1,1,1,1,1
쇠고기맛다시다,1,1,1,1,1,1
쇠고기추출물,1,1,1,1,1,1
쇠고기육수분말,1,1,1,1,1,1
쇠고기맛씨즈닝,1,1,1,1,1,1
쇠고기맛농축액,1,1,1,1,1,1
쇠고기맛드림다시,1,1,1,1,1,1
남쇠고기국물맛내기,1,1,1,1,1,1
양념쇠고기맛분말,1,1,1,1,1,1
쇠고기함유,1,1,1,1,1,1
쇠고기양념엑기스,1,1,1,1,1,1
피코크쇠고기국간장소스,1,1,1,1,1,1
쇠고기농축엑,1,1,1,1,1,1
쇠고기야채우린물,1,1,1,1,1,1
쇠고기수육,1,1,1,1,1,1
수입쇠고기갈비,1,1,1,1,1,1
쇠고기조미분말,1,1,1,1,1,1
쇠고기베이스,1,1,1,1,1,1
한우쇠고기엑기스,1,1,1,1,1,1
쇠고기사태엑기스,1,1,1,1,1,1
쇠고기부만엘,1,1,1,1,1,1
쇠고기페이스트,1,1,1,1,1,1
쇠고기전골,1,1,1,1,1,1
쇠고기농축분말,1,1,1,1,1,1
쇠고기효모농축액,1,1,1,1,1,1
볶음쇠고기베이스,1,1,1,1,1,1
다시쇠고기,1,1,1,1,1,1
쇠고기브이용,1,1,1,1,1,1
쇠고기분해농축액,1,1,1,1,1,1
쇠고기프리믹스,1,1,1,1,1,1
쇠고기다시다,1,1,1,1,1,1
효소분해쇠고기분말,1,1,1,1,1,1
쇠고기추출물분말,1,1,1,1,1,1
구운쇠고기분말,1,1,1,1,1,1
쇠고기맛조미료,1,1,1,1,1,1
쇠고기풍미분말,1,1,1,1,1,1
시아스다쇠고기골드,1,1,1,1,1,1
쇠고기엑기스분말,1,1,1,1,1,1
산들애쇠고기,1,1,1,1,1,1
행복한맛남쇠고기국물맛내기,1,1,1,1,1,1
효소분해쇠고기엑기스분말,1,1,1,1,1,1
쇠고기조미유,1,1,1,1,1,1
쇠고기맛국물내기분말엔엠,1,1,1,1,1,1
쇠고기풍미분말씨,1,1,1,1,1,1
고풍미쇠고기맛분말,1,1,1,1,1,1
쇠고기분말,1,1,1,1,1,1
쇠고기정육추출액,1,1,1,1,1,1
쇠고기진국다시,1,1,1,1,1,1
쇠고기맛혼합양념,1,1,1,1,1,1
농축쇠고기엑기스,1,1,1,1,1,1
쇠고기맛분말,1,1,1,1,1,1
쇠고기하이미,1,1,1,1,1,1
수입냉동쇠고기,1,1,1,1,1,1
조미쇠고기맛후레이크,1,1,1,1,1,1
쇠고기농축액,1,1,1,1,1,1
쇠고기향미분말,1,1,1,1,1,1
쇠고기베이스분말,1,1,1,1,1,1
쇠고기분말엔,1,1,1,1,1,1
무항생제쇠고기,1,1,1,1,1,1
쇠고기농축엑기스분말,1,1,1,1,1,1
진한쇠고기맛양념,1,1,1,1,1,1
쇠고기하이마,1,1,1,1,1,1
한우쇠고기분말,1,1,1,1,1,1
볶음쇠고기,1,1,1,1,1,1
조미건조쇠고기,1,1,1,1,1,1
쇠고기맛국물내기와이,1,1,1,1,1,1
쇠고기진한다시,1,1,1,1,1,1
쇠고기맛다시,1,1,1,1,1,1
쇠고기브이용분말,1,1,1,1,1,1
쇠고기맛국물내기,1,1,1,1,1,1
한우소뼈추출액,1,1,1,1,1,1
소뼈,1,1,1,1,1,1
소뼈추출액,1,1,1,1,1,1
육우소뼈,1,1,1,1,1,1
오징어함유,1,1,1,1,0,0
오징어새우,1,1,1,1,0,0
오징어먹물추출분말,1,1,1,1,0,0
오징어엑스분말,1,1,1,1,0,0
오징어추출물,1,1,1,1,0,0
오징어추출페이스트,1,1,1,1,0,0
오징어해씨볼,1,1,1,1,0,0
오징어양념분말,1,1,1,1,0,0
건조오징어,1,1,1,1,0,0
오징어육,1,1,1,1,0,0
오징어찌개분말,1,1,1,1,0,0
오징어맛후레이크,1,1,1,1,0,0
조미오징어분말,1,1,1,1,0,0
오징어조미후레이크,1,1,1,1,0,0
오징어채,1,1,1,1,0,0
오징어조미분말,1,1,1,1,0,0
베베오징어,1,1,1,1,0,0
오징어먹물색소,1,1,1,1,0,0
오징어볼어묵,1,1,1,1,0,0
오징어풍미료,1,1,1,1,0,0
오징어향,1,1,1,1,0,0
아메리카대왕오징어,1,1,1,1,0,0
오징어엑기스,1,1,1,1,0,0
오징어귀,1,1,1,1,0,0
오징어씨즈닝,1,1,1,1,0,0
오징어,1,1,1,1,0,0
오징어페이스트,1,1,1,1,0,0
오징어맛조미분말,1,1,1,1,0,0
오징어반응엑기스,1,1,1,1,0,0
오징어후레이크,1,1,1,1,0,0
오징어분말티케이에프,1,1,1,1,0,0
오징어베이스,1,1,1,1,0,0
오징어어묵,1,1,1,1,0,0
오징어베이스분말,1,1,1,1,0,0
조미썰은오징어,1,1,1,1,0,0
건오징어,1,1,1,1,0,0
오징어살,1,1,1,1,0,0
동결건조오징어,1,1,1,1,0,0
오징어분말,1,1,1,1,0,0
갑오징어,1,1,1,1,0,0
버터구이오징어맛시즈닝,1,1,1,1,0,0
오징어추출물분말,1,1,1,1,0,0
자숙오징어,1,1,1,1,0,0
오징어농축분말,1,1,1,1,0,0
오징어볶음양념장,1,1,1,1,0,0
면중오징어,1,1,1,1,0,0
오징어엑기스분말,1,1,1,1,0,0
오징어링후레이크,1,1,1,1,0,0
오징어다이스,1,1,1,1,0,0
오징어조미액,1,1,1,1,0,0
오징어풍미분말,1,1,1,1,0,0
오징어농축액,1,1,1,1,0,0
조미찢은오징어,1,1,1,1,0,0
구운오징어향,1,1,1,1,0,0
오징어조미분말홍합엑기스분말,1,1,1,1,0,0
조미오징어몸,1,1,1,1,0,0
대왕오징어,1,1,1,1,0,0
오징어풍미페이스트,1,1,1,1,0,0
오징어다리,1,1,1,1,0,0
오징어맛농축액,1,1,1,1,0,0
조미오징어,1,1,1,1,0,0
오징어를,1,1,1,1,0,0
철판구이슬림오징어,1,1,1,1,0,0
건미역조미오징어분말,1,1,1,1,0,0
오징어족,1,1,1,1,0,0
육포맛오징어시즈닝,1,1,1,1,0,0
오징어분말티케이,1,1,1,1,0,0
매운오징어덮밥,1,1,1,1,0,0
갑오징어분말,1,1,1,1,0,0
오징어땡,1,1,1,1,0,0
오징어문어추출물분말,1,1,1,1,0,0
무지방우유함유크리머,1,0,1,0,0,0
무지방우유함유,1,0,1,0,0,0
무지방우유함유식물성크림,1,0,1,0,0,0
우유성분함유크리머,1,0,1,0,0,0
우유함유,1,0,1,0,0,0
무지방우유함유아이스프리마,1,0,1,0,0,0
무지방우유함유크리머아이스,1,0,1,0,0,0
유원료함유,1,0,1,0,0,0
혼합탈지분유분말,1,0,1,0,0,0
탈염유청혼합탈지분유,1,0,1,0,0,0
탈지분유,1,0,1,0,0,0
유기농혼합탈지분유,1,0,1,0,0,0
탈지분유분말,1,0,1,0,0,0
혼합탈지분유,1,0,1,0,0,0
조제탈지분유,1,0,1,0,0,0
탈지분유프리퍼레이션,1,0,1,0,0,0
유단백질혼합탈지분유,1,0,1,0,0,0
유기농탈지분유,1,0,1,0,0,0
유유락,1,0,1,0,0,0
분유유크림,1,0,1,0,0,0
팜올레인에스테르화유유,1,0,1,0,0,0
유유,1,0,1,0,0,0
유우,1,0,1,0,0,0
우유함유식품,1,0,1,0,0,0
무지방우유함유크리머,1,0,1,0,0,0
무지방우유함유,1,0,1,0,0,0
무지방우유함유식물성크림,1,0,1,0,0,0
우유함유,1,0,1,0,0,0
무지방우유함유아이스프리마,1,0,1,0,0,0
무지방우유함유크리머아이스,1,0,1,0,0,0
우유포함,1,0,1,0,0,0
농축우유포함,1,0,1,0,0,0
우유제품,1,0,1,0,0,0
농축우유,1,0,1,0,0,0
서울우유펠렛,1,0,1,0,0,0
우유단백분말,1,0,1,0,0,0
카페베네우유,1,0,1,0,0,0
멸균우유,1,0,1,0,0,0
우유고형분,1,0,1,0,0,0
농축우유단백질,1,0,1,0,0,0
무가당농축우유인지질,1,0,1,0,0,0
탈지농축우유,1,0,1,0,0,0
무지방우유함유크리머,1,0,1,0,0,0
유기농우유,1,0,1,0,0,0
우유세라마이드,1,0,1,0,0,0
살균우유,1,0,1,0,0,0
무지방우유함유,1,0,1,0,0,0
탈지우유,1,0,1,0,0,0
무지방우유함유식물성크림,1,0,1,0,0,0
우유단백농축물,1,0,1,0,0,0
우유성분함유크리머,1,0,1,0,0,0
서울우유버터,1,0,1,0,0,0
우유분리단백,1,0,1,0,0,0
우유카스타드,1,0,1,0,0,0
우유원유,1,0,1,0,0,0
우유향,1,0,1,0,0,0
무지방농축우유,1,0,1,0,0,0
우유,1,0,1,0,0,0
우유포함,1,0,1,0,0,0
국산저지방우유,1,0,1,0,0,0
우유분말,1,0,1,0,0,0
농축우유포함,1,0,1,0,0,0
우유응고효소,1,0,1,0,0,0
우유함유,1,0,1,0,0,0
환원무지방우유,1,0,1,0,0,0
우유크림,1,0,1,0,0,0
저지방우유,1,0,1,0,0,0
무지방우유,1,0,1,0,0,0
탈지유또는환원무지방우유,1,0,1,0,0,0
우유단백질,1,0,1,0,0,0
우유뷴말,1,0,1,0,0,0
우유샌드크림,1,0,1,0,0,0
살균우유등,1,0,1,0,0,0
무지방우유함유아이스프리마,1,0,1,0,0,0
우유칼슘,1,0,1,0,0,0
농축우유단백분말,1,0,1,0,0,0
바나나우유맛시즈닝,1,0,1,0,0,0
우유사이알릴올리고당,1,0,1,0,0,0
무지방우유함유크리머아이스,1,0,1,0,0,0
우유강글리오사이드,1,0,1,0,0,0
리치버터,1,0,1,0,0,0
피넛버터블랜드,1,0,1,0,0,0
버터향페이스트,1,0,1,0,0,0
허니버터키슈너트,1,0,1,0,0,0
이즈니버터,1,0,1,0,0,0
허니버터씨즈닝,1,0,1,0,0,0
버터리체다시즈닝,1,0,1,0,0,0
크림버터혼합분말,1,0,1,0,0,0
버터후레바,1,0,1,0,0,0
버터갈릭맛아몬드,1,0,1,0,0,0
허니버터시럽,1,0,1,0,0,0
버터밀크파우더,1,0,1,0,0,0
코코아버터,1,0,1,0,0,0
버터,1,0,1,0,0,0
버터바닐라밀크향,1,0,1,0,0,0
버터체다혼합분말,1,0,1,0,0,0
버터모짜렐라혼합분말,1,0,1,0,0,0
버터향베이스,1,0,1,0,0,0
혼합버터분말,1,0,1,0,0,0
스키피땅콩버터,1,0,1,0,0,0
버터후레바파우다알,1,0,1,0,0,0
리쎄스피넛버터향칩,1,0,1,0,0,0
무염버터,1,0,1,0,0,0
스위트버터맛분말,1,0,1,0,0,0
허니버터아몬드,1,0,1,0,0,0
피넛버터초콜릿,1,0,1,0,0,0
버터후레바분말엔,1,0,1,0,0,0
버터버드,1,0,1,0,0,0
땅콩버터향,1,0,1,0,0,0
스위트버터시즈닝,1,0,1,0,0,0
농축버터버드,1,0,1,0,0,0
허니버터구이용시즈닝,1,0,1,0,0,0
허니버터아몬드분태,1,0,1,0,0,0
버터향,1,0,1,0,0,0
허니버터향,1,0,1,0,0,0
발효가공버터,1,0,1,0,0,0
버터후레바향분말,1,0,1,0,0,0
허니버터맛시즈닝,1,0,1,0,0,0
크리미땅콩버터,1,0,1,0,0,0
버터체다파우더,1,0,1,0,0,0
리쎄스크리미피넛버터,1,0,1,0,0,0
버터브랜드,1,0,1,0,0,0
천연버터,1,0,1,0,0,0
버터맛분말,1,0,1,0,0,0
버터엑시드,1,0,1,0,0,0
버터리체다씨즈닝,1,0,1,0,0,0
버터맛씨즈닝,1,0,1,0,0,0
버터맛시즈닝,1,0,1,0,0,0
서울우유버터,1,0,1,0,0,0
버터루,1,0,1,0,0,0
버터지방,1,0,1,0,0,0
건조버터,1,0,1,0,0,0
무가염버터,1,0,1,0,0,0
버터향오일,1,0,1,0,0,0
허니버터시즈닝,1,0,1,0,0,0
허니버터향분말,1,0,1,0,0,0
카카오버터,1,0,1,0,0,0
버터유,1,0,1,0,0,0
가공버터,1,0,1,0,0,0
버터오일,1,0,1,0,0,0
버터밀크분말,1,0,1,0,0,0
허니버터바나나시즈닝,1,0,1,0,0,0
버터간장조미분말,1,0,1,0,0,0
버터갈릭맛프레첼,1,0,1,0,0,0
버터유분말,1,0,1,0,0,0
허니버터마카다미아,1,0,1,0,0,0
배합땅콩버터,1,0,1,0,0,0
허니버터맛시즈닝분말,1,0,1,0,0,0
스위트버터분말,1,0,1,0,0,0
무수버터오일,1,0,1,0,0,0
유당코코아버터,1,0,1,0,0,0
버터갈릭맛씨즈닝,1,0,1,0,0,0
후라이드용버터믹스,1,0,1,0,0,0
천연버터향,1,0,1,0,0,0
버터구이오징어맛시즈닝,1,0,1,0,0,0
미트플레이버터파우더,1,0,1,0,0,0
버터페이스트,1,0,1,0,0,0
혼합버터유,1,0,1,0,0,0
버터밀크,1,0,1,0,0,0
버터리치즈파우더,1,0,1,0,0,0
허니버터딸기시즈닝,1,0,1,0,0,0
화이트카카오버터,1,0,1,0,0,0
크림버터분말,1,0,1,0,0,0
국산버터,1,0,1,0,0,0
정백당코코아버터,1,0,1,0,0,0
허니버터호두,1,0,1,0,0,0
버터갈릭씨즈닝,1,0,1,0,0,0
버터블랜드,1,0,1,0,0,0
버터분말,1,0,1,0,0,0
고메버터,1,0,1,0,0,0
버터갈릭시즈닝,1,0,1,0,0,0
허니버터맛씨즈닝,1,0,1,0,0,0
버터리치즈파우다,1,0,1,0,0,0
버터혼합분말,1,0,1,0,0,0
참깨버터분말,1,0,1,0,0,0
달콤한버터맛씨즈닝,1,0,1,0,0,0
허니버터피칸,1,0,1,0,0,0
스키피땅콩버터크리미,1,0,1,0,0,0
버터혼합분,1,0,1,0,0,0
허니버터캐슈넛트,1,0,1,0,0,0
버터시즈닝분말,1,0,1,0,0,0
버터파우다,1,0,1,0,0,0
버터스카치향베이스,1,0,1,0,0,0
피넛버터,1,0,1,0,0,0
로스트양파버터풍미유,1,0,1,0,0,0
허니버터맛시즈닝에스와이,1,0,1,0,0,0
크림버터,1,0,1,0,0,0
땅콩버터,1,0,1,0,0,0
리치버터분말,1,0,1,0,0,0
허니버터소스,1,0,1,0,0,0
크림버터혼합분,1,0,1,0,0,0
땅콜버터,1,0,1,0,0,0
버터그릴향,1,0,1,0,0,0
허니맛버터씨즈닝,1,0,1,0,0,0
버터구이맛시즈닝,1,0,1,0,0,0
유기농고단백유청분말,1,0,1,0,0,0
유기농탈염유청분말,1,0,1,0,0,0
탈염유청분말농축유청단백,1,0,1,0,0,0
가공유청분말제이,1,0,1,0,0,0
호박씨유청분말,1,0,1,0,0,0
탈염유청분말,1,0,1,0,0,0
가공유청분말제아,1,0,1,0,0,0
유청분말에스,1,0,1,0,0,0
가공유청분말,1,0,1,0,0,0
고단백유청분말,1,0,1,0,0,0
유청분말,1,0,1,0,0,0
유기농유청분말,1,0,1,0,0,0
유청,1,0,1,0,0,0
유청단백질,1,0,1,0,0,0
유기농고단백유청분말,1,0,1,0,0,0
수용성유청칼슘분말,1,0,1,0,0,0
유청농축단백분말,1,0,1,0,0,0
유청농축단백질,1,0,1,0,0,0
유기농탈염유청분말,1,0,1,0,0,0
탈염유청분말농축유청단백,1,0,1,0,0,0
농축유청단백,1,0,1,0,0,0
탈염유청혼합탈지분유,1,0,1,0,0,0
가공유청분말제이,1,0,1,0,0,0
유기농유청단백분말,1,0,1,0,0,0
호박씨유청분말,1,0,1,0,0,0
유청분리단백,1,0,1,0,0,0
탈염유청퍼미에이트,1,0,1,0,0,0
탈염유청분말,1,0,1,0,0,0
유청칼슘,1,0,1,0,0,0
유청분,1,0,1,0,0,0
농축유청,1,0,1,0,0,0
농유청단백,1,0,1,0,0,0
가공유청분말제아,1,0,1,0,0,0
분리유청단백,1,0,1,0,0,0
산양유청단백,1,0,1,0,0,0
유청분말에스,1,0,1,0,0,0
가수분해유청단백질,1,0,1,0,0,0
농축유청단백분말,1,0,1,0,0,0
유청단백,1,0,1,0,0,0
농축유청액,1,0,1,0,0,0
농축유청단백질,1,0,1,0,0,0
유청단백질채종유,1,0,1,0,0,0
유청농축단백,1,0,1,0,0,0
유청퍼메이트,1,0,1,0,0,0
유청단백가수분해물,1,0,1,0,0,0
분리유청단백분말,1,0,1,0,0,0
가공유청분말,1,0,1,0,0,0
고단백유청분말,1,0,1,0,0,0
탈염유청,1,0,1,0,0,0
유청부말,1,0,1,0,0,0
가수분해유청단백,1,0,1,0,0,0
유청단백농축분말,1,0,1,0,0,0
유청원유,1,0,1,0,0,0
유기농농축유청단백,1,0,1,0,0,0
유청단백분말,1,0,1,0,0,0
유청단백질분말,1,0,1,0,0,0
유청분말,1,0,1,0,0,0
초유농축유청단백,1,0,1,0,0,0
유기농유청분말,1,0,1,0,0,0
유당분해효소,1,0,1,0,0,0
유당,1,0,1,0,0,0
덱스트린유당,1,0,1,0,0,0
유당코코아매스,1,0,1,0,0,0
유당카제인나트륨,1,0,1,0,0,0
유당분말,1,0,1,0,0,0
유기농유당,1,0,1,0,0,0
유당코코아버터,1,0,1,0,0,0
유당혼합분말,1,0,1,0,0,0
식물성유지유당유화제,1,0,1,0,0,0
산양유당,1,0,1,0,0,0
유당과즙분말,1,0,1,0,0,0
밀키페이스트유당,1,0,1,0,0,0
밀크초콜렛향분말,1,0,1,0,0,0
밀크티크림,1,0,1,0,0,0
밀크바닐라향,1,0,1,0,0,0
밀크칼슘,1,0,1,0,0,0
밀크크림,1,0,1,0,0,0
밀크에멀죤,1,0,1,0,0,0
밀크카라멜향,1,0,1,0,0,0
티코밀크초코,1,0,1,0,0,0
밀크향분말,1,0,1,0,0,0
밀크오일,1,0,1,0,0,0
밀크초코크림,1,0,1,0,0,0
리얼밀크초콜릿,1,0,1,0,0,0
코코넛밀크파우더,1,0,1,0,0,0
바나나밀크향,1,0,1,0,0,0
버터밀크분말,1,0,1,0,0,0
밀크초코크럼,1,0,1,0,0,0
코코넛밀크액,1,0,1,0,0,0
유기농코코넛밀크,1,0,1,0,0,0
허쉬밀크초콜릿칩,1,0,1,0,0,0
밀크혼합분말,1,0,1,0,0,0
밀크맛시럽,1,0,1,0,0,0
후레쉬밀크향,1,0,1,0,0,0
크럼밀크향,1,0,1,0,0,0
코코넛밀크파우다,1,0,1,0,0,0
버터바닐라밀크향,1,0,1,0,0,0
브라운밀크분말,1,0,1,0,0,0
밀크바나나맛씨즈닝,1,0,1,0,0,0
가나디럭스밀크스위트,1,0,1,0,0,0
밀크롤링시트,1,0,1,0,0,0
버터밀크,1,0,1,0,0,0
밀크인핸서,1,0,1,0,0,0
크림밀크분말,1,0,1,0,0,0
밀크리피드,1,0,1,0,0,0
밀크튜브,1,0,1,0,0,0
밀크,1,0,1,0,0,0
밀크바닐라분말향,1,0,1,0,0,0
버터밀크파우더,1,0,1,0,0,0
코코넛밀크,1,0,1,0,0,0
밀크시즈닝,1,0,1,0,0,0
밀크쨈,1,0,1,0,0,0
논팻밀크,1,0,1,0,0,0
밀크필링,1,0,1,0,0,0
밀크혼합문말,1,0,1,0,0,0
패밀리밀크초콜릿,1,0,1,0,0,0
밀크크림향,1,0,1,0,0,0
밀크향베이스,1,0,1,0,0,0
밀크시슬추출액,1,0,1,0,0,0
밀크쉐이크,1,0,1,0,0,0
로우슈가밀크초콜릿,1,0,1,0,0,0
밀크칼슘파우더,1,0,1,0,0,0
밀크아이스크림향,1,0,1,0,0,0
밀크크럼향,1,0,1,0,0,0
밀크버드,1,0,1,0,0,0
아이스밀크,1,0,1,0,0,0
밀크씨추출물,1,0,1,0,0,0
밀크퍼키에이트,1,0,1,0,0,0
밀크향,1,0,1,0,0,0
밀크베이스,1,0,1,0,0,0
밀크맛분말,1,0,1,0,0,0
퓨어밀크초콜릿청크,1,0,1,0,0,0
크림밀크향,1,0,1,0,0,0
밀크레진,1,0,1,0,0,0
밀크카라멜,1,0,1,0,0,0
밀크초콜릿,1,0,1,0,0,0
밀크농축분말,1,0,1,0,0,0
코코넛밀크분말,1,0,1,0,0,0
허니밀크씨즈닝,1,0,1,0,0,0
밀크테이스트분말향,1,0,1,0,0,0
밀크크럼,1,0,1,0,0,0
유당카제인나트륨,1,0,1,0,0,0
카제인나트륨,1,0,1,0,0,0
이황산류,0,0,0,0,0,0
아황산류함유식품,0,0,0,0,0,0
아황산류함유,0,0,0,0,0,0
아황산류,0,0,0,0,0,0
아황산나트륨함유,0,0,0,0,0,0
메타중아황산나트륨,0,0,0,0,0,0
차아황산나트륨,0,0,0,0,0,0
산성아황산나트륨,0,0,0,0,0,0
산선아황산나트륨,0,0,0,0,0,0
아황산나트륨,0,0,0,0,0,0
메타중아황산나트륨,0,0,0,0,0,0
무수아황산,0,0,0,0,0,0
산성아황산나트룸,0,0,0,0,0,0
아황산류,0,0,0,0,0,0
차아황산나트륨,0,0,0,0,0,0
산성아황산나트륨,0,0,0,0,0,0
산선아황산나트륨,0,0,0,0,0,0
메타중아황산칼륨,0,0,0,0,0,0
아황산나트륨,0,0,0,0,0,0
아산화황,0,0,0,0,0,0
산성아황산나트륨,0,0,0,0,0,0
이산화황함유,0,0,0,0,0,0
이산화황,0,0,0,0,0,0
잣향,0,0,0,0,0,0
잣,0,0,0,0,0,0
잣페이스트,0,0,0,0,0,0
유기농잣,0,0,0,0,0,0
조래규,1,1,1,1,0,0
조개류함유,1,1,1,1,0,0
조개류,1,1,1,1,0,0
조개루,1,1,1,1,0,0
조개관자액기스,1,1,1,1,0,0
조개야채엑기스,1,1,1,1,0,0
조개믹스분말엔엠,1,1,1,1,0,0
키조개,1,1,1,1,0,0
조개농축액베이스분말,1,1,1,1,0,0
대합조개농축액,1,1,1,1,0,0
조개엑기스분,1,1,1,1,0,0
키조개관자,1,1,1,1,0,0
조개엑기스분말,1,1,1,1,0,0
다시다조개,1,1,1,1,0,0
조개추출물,1,1,1,1,0,0
조개분말,1,1,1,1,0,0
조개,1,1,1,1,0,0
모시조개,1,1,1,1,0,0
조개관자엑기스,1,1,1,1,0,0
조개류,1,1,1,1,0,0
조개다시마엑기스,1,1,1,1,0,0
조개분해농축액,1,1,1,1,0,0
조개추출분말,1,1,1,1,0,0
조개밑국물,1,1,1,1,0,0
백합조개,1,1,1,1,0,0
조개칼슘,1,1,1,1,0,0
조개다시다,1,1,1,1,0,0
조개베이스분말,1,1,1,1,0,0
조개농축액,1,1,1,1,0,0
조개감칠맛분에스,1,1,1,1,0,0
개량조개,1,1,1,1,0,0
복합조개농축액,1,1,1,1,0,0
대합조개엑기스,1,1,1,1,0,0
조개추출물분말,1,1,1,1,0,0
조개엑기스,1,1,1,1,0,0
조개농축액분말,1,1,1,1,0,0
조개감칠맛분에이스,1,1,1,1,0,0
모시조개,1,1,1,1,0,0
꼬막엑기스,1,1,1,1,0,0
꼬막칼슘분말,1,1,1,1,0,0
꼬막,1,1,1,1,0,0
가리비추출물분말,1,1,1,1,0,0
가리비살,1,1,1,1,0,0
가리비,1,1,1,1,0,0
전복포함,1,1,1,1,0,0
전복굴농축액,1,1,1,1,0,0
전복죽용소스,1,1,1,1,0,0
전복엑기스,1,1,1,1,0,0
전복진육,1,1,1,1,0,0
전복,1,1,1,1,0,0
전복내장,1,1,1,1,0,0
전복굴엑기스,1,1,1,1,0,0
전복포함,1,1,1,1,0,0
전복죽육수,1,1,1,1,0,0
전복살,1,1,1,1,0,0
전복소스,1,1,1,1,0,0
전복굴농축액,1,1,1,1,0,0
굴추출농축액,1,1,1,1,0,0
굴껍질분말,1,1,1,1,0,0
토굴숙성된장,1,1,1,1,0,0
굴소스,1,1,1,1,0,0
굴소스면,1,1,1,1,0,0
굴소스타케이,1,1,1,1,0,0
굴지숙농축액,1,1,1,1,0,0
갈아만든광천토굴새우젓,1,1,1,1,0,0
둥굴레분말,1,1,1,1,0,0
굴육수,1,1,1,1,0,0
굴베이스,1,1,1,1,0,0
비셰프굴소스,1,1,1,1,0,0
남해굴농축액,1,1,1,1,0,0
바다향굴소스,1,1,1,1,0,0
프리미엄굴소스엔엠,1,1,1,1,0,0
굴탕자숙액분말,1,1,1,1,0,0
둥굴레,1,1,1,1,0,0
굴농축액,1,1,1,1,0,0
바다향가득굴소스,1,1,1,1,0,0
호유굴소스,1,1,1,1,0,0
대잎둥굴레,1,1,1,1,0,0
굴엑기스씨즈닝분말,1,1,1,1,0,0
팬더굴소스,1,1,1,1,0,0
굴소스엔엠,1,1,1,1,0,0
통영굴김,1,1,1,1,0,0
굴추출물,1,1,1,1,0,0
둥굴레근,1,1,1,1,0,0
둥굴래,1,1,1,1,0,0
백설남해굴소스,1,1,1,1,0,0
둥굴레믹스,1,1,1,1,0,0
굴엑기스,1,1,1,1,0,0
볶은둥굴레추출액,1,1,1,1,0,0
전복굴엑기스,1,1,1,1,0,0
굴엑기스분말,1,1,1,1,0,0
굴소스농축액,1,1,1,1,0,0
매운굴농축액,1,1,1,1,0,0
자맛통영굴짬뽕건강분말스프,1,1,1,1,0,0
자맛통영굴짬뽕후레이크,1,1,1,1,0,0
굴소스엔,1,1,1,1,0,0
오뚜기굴소스,1,1,1,1,0,0
굴분해액,1,1,1,1,0,0
굴,1,1,1,1,0,0
굴추출액,1,1,1,1,0,0
둥굴레차추출액,1,1,1,1,0,0
볶은둥굴레,1,1,1,1,0,0
굴추출물분말,1,1,1,1,0,0
바지락살,1,1,1,1,0,0
바지락베이스,1,1,1,1,0,0
바지락우린육수,1,1,1,1,0,0
바지락밑국물,1,1,1,1,0,0
바지락조미엑기스,1,1,1,1,0,0
바지락엑기스분말,1,1,1,1,0,0
바지락추출농축액,1,1,1,1,0,0
뽕잎바지락죽용양념,1,1,1,1,0,0
바지락엑기스,1,1,1,1,0,0
바지락추출물,1,1,1,1,0,0
바지락,1,1,1,1,0,0
바지락추출물분말,1,1,1,1,0,0
바지락농축액,1,1,1,1,0,0
바지락분해액,1,1,1,1,0,0
홍합엑기스,1,1,1,1,0,0
생홍합엑기스,1,1,1,1,0,0
홍합지미베이스분말,1,1,1,1,0,0
건홍합,1,1,1,1,0,0
홍합추출농축액,1,1,1,1,0,0
진한홍합가루,1,1,1,1,0,0
홍합농축액,1,1,1,1,0,0
홍합조미분말,1,1,1,1,0,0
홍합,1,1,1,1,0,0
홍합살,1,1,1,1,0,0
홍합짬뽕베이스,1,1,1,1,0,0
홍합농축분말,1,1,1,1,0,0
홍합조미추출물,1,1,1,1,0,0
홍합맛분말,1,1,1,1,0,0
홍합가루,1,1,1,1,0,0
홍합포함,1,1,1,1,0,0
홍합베이스분말,1,1,1,1,0,0
홍합분말,1,1,1,1,0,0
홍합볼,1,1,1,1,0,0
건조홍합,1,1,1,1,0,0
오징어조미분말홍합엑기스분말,1,1,1,1,0,0
홍합추출물,1,1,1,1,0,0
멸치홍합스톡,1,1,1,1,0,0
홍합조미분,1,1,1,1,0,0
홍합엑기스분말,1,1,1,1,0,0
볶은참깨가루,0,0,0,0,0,0
참깨향,0,0,0,0,0,0
볶음참깨분,0,0,0,0,0,0
참깨와김고명,0,0,0,0,0,0
볶음참깨,0,0,0,0,0,0
조미참깨용조미액,0,0,0,0,0,0
참깨강정,0,0,0,0,0,0
검정참깨페이스트,0,0,0,0,0,0
솔솔참깨,0,0,0,0,0,0
검은참깨,0,0,0,0,0,0
조미참깨,0,0,0,0,0,0
참깨분말,0,0,0,0,0,0
농가참깨가루,0,0,0,0,0,0
조미참깨용,0,0,0,0,0,0
참깨씨즈닝오일,0,0,0,0,0,0
볶음참깨분말,0,0,0,0,0,0
볶은참깨분말,0,0,0,0,0,0
참깨향기름,0,0,0,0,0,0
참깨추출유,0,0,0,0,0,0
볶은참깨,0,0,0,0,0,0
검은참깨페이스트,0,0,0,0,0,0
참깨가루,0,0,0,0,0,0
참맛참깨,0,0,0,0,0,0
농가볶은참깨,0,0,0,0,0,0
고소한참깨야채볶음,0,0,0,0,0,0
흑볶음참깨,0,0,0,0,0,0
볶음흑참깨,0,0,0,0,0,0
찹쌀풀참깨흑임자드레싱,0,0,0,0,0,0
참깨조미분말,0,0,0,0,0,0
국산참깨,0,0,0,0,0,0
볶음검은참깨,0,0,0,0,0,0
통참깨,0,0,0,0,0,0
참깨버터분말,0,0,0,0,0,0
옛날볶음참깨분말,0,0,0,0,0,0
유기농참깨,0,0,0,0,0,0
참깨,0,0,0,0,0,0
검정참깨,0,0,0,0,0,0
볶음참깨가루,0,0,0,0,0,0
탈지참깨분말,0,0,0,0,0,0
맛있는참깨야채볶음,0,0,0,0,0,0
볶은참깨분,0,0,0,0,0,0
토미토,0,0,0,0,0,0
토마투,0,0,0,0,0,0
토마토함유식품,0,0,0,0,0,0
토마토함유,0,0,0,0,0,0
토마토페이스트,0,0,0,0,0,0
유기농토마토페이스트,0,0,0,0,0,0
방울토마토페이스트,0,0,0,0,0,0
토마토페이스토,0,0,0,0,0,0
토마토케챂,0,0,0,0,0,0
토마토페이스트,0,0,0,0,0,0
토마토케첩,0,0,0,0,0,0
토마토캐찹,0,0,0,0,0,0
토마토케첩골드,0,0,0,0,0,0
건조토마토,0,0,0,0,0,0
토마토페잇트,0,0,0,0,0,0
부이토니토마토쿨리,0,0,0,0,0,0
토마토색소,0,0,0,0,0,0
토마토퓨레시럽,0,0,0,0,0,0
토마토통조림,0,0,0,0,0,0
토마토스파게티소스,0,0,0,0,0,0
토마토파우다,0,0,0,0,0,0
유기농토마토페이스트,0,0,0,0,0,0
토마토찹,0,0,0,0,0,0
토마토과즙,0,0,0,0,0,0
커리토마토소스,0,0,0,0,0,0
토마토크러쉬드,0,0,0,0,0,0
토마토소스,0,0,0,0,0,0
토마토함량,0,0,0,0,0,0
토마토페이스,0,0,0,0,0,0
토마토스파케티소스,0,0,0,0,0,0
방울토마토,0,0,0,0,0,0
토마토홀,0,0,0,0,0,0
필드프럼토마토,0,0,0,0,0,0
토마토로,0,0,0,0,0,0
토마토농축액,0,0,0,0,0,0
토마토향미유,0,0,0,0,0,0
토마토엔바질맛시즈닝,0,0,0,0,0,0
토마토캐챂,0,0,0,0,0,0
방울토마토페이스트,0,0,0,0,0,0
토마토스파게티소스분말,0,0,0,0,0,0
동결건조토마토스파게티,0,0,0,0,0,0
마르게리타다이스토마토,0,0,0,0,0,0
토마토캐첩,0,0,0,0,0,0
토마토스페이스,0,0,0,0,0,0
토마토가공품,0,0,0,0,0,0
콘센트레이티드크러쉬드토마토,0,0,0,0,0,0
맥앤토마토소스,0,0,0,0,0,0
토마토퓨레,0,0,0,0,0,0
토마토주스,0,0,0,0,0,0
토마틴,0,0,0,0,0,0
토마토페이스트함량은가용성고형분,0,0,0,0,0,0
토마토펄프,0,0,0,0,0,0
토마토쥬수,0,0,0,0,0,0
홀토마토,0,0,0,0,0,0
파인리찹토마토,0,0,0,0,0,0
유기농토마토파우더,0,0,0,0,0,0
토마토쥬스,0,0,0,0,0,0
볶음토마토분말,0,0,0,0,0,0
칠리토마토소스,0,0,0,0,0,0
다이스드토마토,0,0,0,0,0,0
토마토케찹,0,0,0,0,0,0
토마토농축퓨레,0,0,0,0,0,0
토마토레드,0,0,0,0,0,0
생가득토마토소스,0,0,0,0,0,0
홀필드토마토,0,0,0,0,0,0
벨오또콘센트레이티드크러쉬드토마토,0,0,0,0,0,0
토마토다이스,0,0,0,0,0,0
당근캐비지토마토소테,0,0,0,0,0,0
농축토마토,0,0,0,0,0,0
토마토향,0,0,0,0,0,0
상큼한토마토케찹,0,0,0,0,0,0
토마토스테이크소스,0,0,0,0,0,0
칠리토마토스파게티소스,0,0,0,0,0,0
토마토피자소스,0,0,0,0,0,0
토마토,0,0,0,0,0,0
크러시드토마토,0,0,0,0,0,0
토마토즙으로,0,0,0,0,0,0
동결건조토마토분말,0,0,0,0,0,0
크러쉬드토마토,0,0,0,0,0,0
토마토분말,0,0,0,0,0,0
토마토분,0,0,0,0,0,0
토마토케쳡,0,0,0,0,0,0
콜스그라운드토마토,0,0,0,0,0,0
자연드림상큼한토마토케찹,0,0,0,0,0,0
토마토쿨리,0,0,0,0,0,0
다이스토마토,0,0,0,0,0,0
토마토페이스토,0,0,0,0,0,0
토마토케챂,0,0,0,0,0,0
토마토페이스트,0,0,0,0,0,0
토마토케첩,0,0,0,0,0,0
토마토캐찹,0,0,0,0,0,0
토마토케첩골드,0,0,0,0,0,0
건조토마토,0,0,0,0,0,0
토마토페잇트,0,0,0,0,0,0
부이토니토마토쿨리,0,0,0,0,0,0
토마토색소,0,0,0,0,0,0
토마토퓨레시럽,0,0,0,0,0,0
토마토통조림,0,0,0,0,0,0
토마토스파게티소스,0,0,0,0,0,0
토마토파우다,0,0,0,0,0,0
유기농토마토페이스트,0,0,0,0,0,0
토마토찹,0,0,0,0,0,0
토마토과즙,0,0,0,0,0,0
커리토마토소스,0,0,0,0,0,0
토마토크러쉬드,0,0,0,0,0,0
토마토소스,0,0,0,0,0,0
토마토함량,0,0,0,0,0,0
토마토페이스,0,0,0,0,0,0
토마토스파케티소스,0,0,0,0,0,0
방울토마토,0,0,0,0,0,0
토마토홀,0,0,0,0,0,0
필드프럼토마토,0,0,0,0,0,0
토마토로,0,0,0,0,0,0
토마토농축액,0,0,0,0,0,0
토마토향미유,0,0,0,0,0,0
토마토엔바질맛시즈닝,0,0,0,0,0,0
토마토캐챂,0,0,0,0,0,0
방울토마토페이스트,0,0,0,0,0,0
토마토스파게티소스분말,0,0,0,0,0,0
동결건조토마토스파게티,0,0,0,0,0,0
마르게리타다이스토마토,0,0,0,0,0,0
토마토캐첩,0,0,0,0,0,0
토마토스페이스,0,0,0,0,0,0
토마토가공품,0,0,0,0,0,0
콘센트레이티드크러쉬드토마토,0,0,0,0,0,0
맥앤토마토소스,0,0,0,0,0,0
토마토퓨레,0,0,0,0,0,0
토마토주스,0,0,0,0,0,0
토마토페이스트함량은가용성고형분,0,0,0,0,0,0
토마토펄프,0,0,0,0,0,0
토마토쥬수,0,0,0,0,0,0
홀토마토,0,0,0,0,0,0
파인리찹토마토,0,0,0,0,0,0
유기농토마토파우더,0,0,0,0,0,0
토마토쥬스,0,0,0,0,0,0
볶음토마토분말,0,0,0,0,0,0
칠리토마토소스,0,0,0,0,0,0
다이스드토마토,0,0,0,0,0,0
토마토케찹,0,0,0,0,0,0
토마토농축퓨레,0,0,0,0,0,0
토마토레드,0,0,0,0,0,0
생가득토마토소스,0,0,0,0,0,0
홀필드토마토,0,0,0,0,0,0
벨오또콘센트레이티드크러쉬드토마토,0,0,0,0,0,0
토마토다이스,0,0,0,0,0,0
당근캐비지토마토소테,0,0,0,0,0,0
농축토마토,0,0,0,0,0,0
토마토향,0,0,0,0,0,0
상큼한토마토케찹,0,0,0,0,0,0
토마토스테이크소스,0,0,0,0,0,0
칠리토마토스파게티소스,0,0,0,0,0,0
토마토피자소스,0,0,0,0,0,0
토마토,0,0,0,0,0,0
크러시드토마토,0,0,0,0,0,0
토마토즙으로,0,0,0,0,0,0
동결건조토마토분말,0,0,0,0,0,0
크러쉬드토마토,0,0,0,0,0,0
토마토분말,0,0,0,0,0,0
토마토분,0,0,0,0,0,0
토마토케쳡,0,0,0,0,0,0
콜스그라운드토마토,0,0,0,0,0,0
자연드림상큼한토마토케찹,0,0,0,0,0,0
토마토쿨리,0,0,0,0,0,0
다이스토마토,0,0,0,0,0,0
토마도,0,0,0,0,0,0
헤이즐넛초코크림,0,0,0,0,0,0
헤이즐넛페이스트,0,0,0,0,0,0
천연헤이즐넛행,0,0,0,0,0,0
헤이즐넛프랄린,0,0,0,0,0,0
헤이즐넛분말,0,0,0,0,0,0
헤이즐넛페이스트분말,0,0,0,0,0,0
헤이즐넛액,0,0,0,0,0,0
천연헤이즐넛향,0,0,0,0,0,0
헤이즐넛,0,0,0,0,0,0
구운헤이즐넛,0,0,0,0,0,0
헤이즐넛향,0,0,0,0,0,0
헤이즐넛초코시럽,0,0,0,0,0,0
헤이즐넛스프레드위드코코아,0,0,0,0,0,0
호두함유,0,0,0,0,0,0
호두마른정과,0,0,0,0,0,0
호두알갱이,0,0,0,0,0,0
콩고물호두,0,0,0,0,0,0
호두향,0,0,0,0,0,0
호두,0,0,0,0,0,0
호두혼합견과페이스트,0,0,0,0,0,0
호두유,0,0,0,0,0,0
호두이상국산,0,0,0,0,0,0
당코팅호두분태,0,0,0,0,0,0
호두분태,0,0,0,0,0,0
호두살,0,0,0,0,0,0
허니버터호두,0,0,0,0,0,0
호두분,0,0,0,0,0,0
호두향분말,0,0,0,0,0,0
호두액,0,0,0,0,0,0
호두페이스트,0,0,0,0,0,0
호두분말,0,0,0,0,0,0
호도,0,0,0,0,0,0
키위그레이프식초,0,0,0,0,0,0
키위시럽,0,0,0,0,0,0
그린키위퓨레,0,0,0,0,0,0
그린키위,0,0,0,0,0,0
키위농축과실즙,0,0,0,0,0,0
키위,0,0,0,0,0,0
키위홀청크,0,0,0,0,0,0
키위퓨레,0,0,0,0,0,0
키위추출물,0,0,0,0,0,0
냉동키위,0,0,0,0,0,0
키위과즙분말,0,0,0,0,0,0
천연키위향,0,0,0,0,0,0
키위향,0,0,0,0,0,0
키위맛,0,0,0,0,0,0
골드키위농축퓨레,0,0,0,0,0,0
키위농축액,0,0,0,0,0,0
골든키위,0,0,0,0,0,0
골드키위,0,0,0,0,0,0
키위씨앗,0,0,0,0,0,0
골드키위퓨레,0,0,0,0,0,0
딸기키위혼합농축과즙,0,0,0,0,0,0
키위가당퓨레,0,0,0,0,0,0
키위농축과즙,0,0,0,0,0,0
참존키위,0,0,0,0,0,0
골드키위농축액,0,0,0,0,0,0
키위즙,0,0,0,0,0,0
키위엑키스,0,0,0,0,0,0
키위퓨레시드인,0,0,0,0,0,0
사과식초,0,0,0,0,0,0
발효사과농축액,0,0,0,0,0,0
친환경사과과즙,0,0,0,0,0,0
유기농사과농주스농축액,0,0,0,0,0,0
사과발효식초,0,0,0,0,0,0
사과퓌레,0,0,0,0,0,0
사과즙,0,0,0,0,0,0
내열성사과필링,0,0,0,0,0,0
가당사과다이스,0,0,0,0,0,0
청사과색소,0,0,0,0,0,0
사과퓨레잼,0,0,0,0,0,0
사과즙분말,0,0,0,0,0,0
국내산사과농축과즙,0,0,0,0,0,0
사과칩,0,0,0,0,0,0
천얀사과향,0,0,0,0,0,0
사과쥬스,0,0,0,0,0,0
사과다이스잼,0,0,0,0,0,0
동결건조생생사과,0,0,0,0,0,0
유기농사과퓨레,0,0,0,0,0,0
동결건조사과분말,0,0,0,0,0,0
사과분말향,0,0,0,0,0,0
생사과,0,0,0,0,0,0
사과농충액,0,0,0,0,0,0
사과농축과즙,0,0,0,0,0,0
사과농축액,0,0,0,0,0,0
유기농사과농축과즙,0,0,0,0,0,0
사과과즙으로,0,0,0,0,0,0
사과식초농축사과즙,0,0,0,0,0,0
사과후레바,0,0,0,0,0,0
사과농축액크리어,0,0,0,0,0,0
사과시즈닝분말,0,0,0,0,0,0
사과향분말,0,0,0,0,0,0
사과농축과실즙,0,0,0,0,0,0
유기농사과즙,0,0,0,0,0,0
사과과즙,0,0,0,0,0,0
사과분,0,0,0,0,0,0
코팅사과산,0,0,0,0,0,0
청사과레진,0,0,0,0,0,0
새콤달콤사과소스,0,0,0,0,0,0
당근사과즙,0,0,0,0,0,0
현미사과식초,0,0,0,0,0,0
사과향,0,0,0,0,0,0
유기농사과농축액,0,0,0,0,0,0
유기사과,0,0,0,0,0,0
사과혼탁농축과즙,0,0,0,0,0,0
천연사과농축과즙,0,0,0,0,0,0
발효사과분말,0,0,0,0,0,0
사과퓨레,0,0,0,0,0,0
저농약사과,0,0,0,0,0,0
동결건조사과,0,0,0,0,0,0
사과다이스,0,0,0,0,0,0
사과로,0,0,0,0,0,0
동결건조사과가루,0,0,0,0,0,0
사과청정농축액,0,0,0,0,0,0
천연사과향,0,0,0,0,0,0
사과과실즙으로,0,0,0,0,0,0
사과착즙액,0,0,0,0,0,0
사과청정,0,0,0,0,0,0
사과,0,0,0,0,0,0
사과농축과즙액,0,0,0,0,0,0
사과과즙농축액,0,0,0,0,0,0
사과산,0,0,0,0,0,0
사과맛,0,0,0,0,0,0
당적사과다이스,0,0,0,0,0,0
사과페이스트,0,0,0,0,0,0
사과혼탁쥬스,0,0,0,0,0,0
사과냉동다이스,0,0,0,0,0,0
사과에센스,0,0,0,0,0,0
농축사과즙,0,0,0,0,0,0
사과쨈,0,0,0,0,0,0
사과다이스사과,0,0,0,0,0,0
사과혼합농축과즙,0,0,0,0,0,0
사과농축크라우디,0,0,0,0,0,0
사과잼,0,0,0,0,0,0
사과시럽,0,0,0,0,0,0
청사과농축액,0,0,0,0,0,0
사과후레이버,0,0,0,0,0,0
사과맛소스,0,0,0,0,0,0
사과추출물,0,0,0,0,0,0
사과농축엑기스,0,0,0,0,0,0
유기농골든사과농축과즙,0,0,0,0,0,0
유리농골든사과주스농축액,0,0,0,0,0,0
사과배소불고기양념,0,0,0,0,0,0
농축사과과즙액,0,0,0,0,0,0
환만사과식초,0,0,0,0,0,0
건조사과,0,0,0,0,0,0
사과맛필링,0,0,0,0,0,0
농축사과과즙,0,0,0,0,0,0
농축사과과실즙,0,0,0,0,0,0
사과농축분말,0,0,0,0,0,0
마늘사과식초,0,0,0,0,0,0
사과향혼합제제,0,0,0,0,0,0
가당사과,0,0,0,0,0,0
농죽사과즙,0,0,0,0,0,0
사과청징농축액,0,0,0,0,0,0
유기농사과쥬스농축액,0,0,0,0,0,0
사과과즙으로환원기준,0,0,0,0,0,0
유기농사과식초,0,0,0,0,0,0
사과올리고당믹스,0,0,0,0,0,0
사과분말,0,0,0,0,0,0
혼합사과농축액,0,0,0,0,0,0
사과즙식초,0,0,0,0,0,0
사과과즙분말,0,0,0,0,0,0
배퓨레배,0,0,0,0,0,0
배퓌레,0,0,0,0,0,0
배,0,0,0,0,0,0
배엑기스,0,0,0,0,0,0
유자와배,0,0,0,0,0,0
유기농배농축액,0,0,0,0,0,0
발효배농축액,0,0,0,0,0,0
천연배향,0,0,0,0,0,0
배과즙,0,0,0,0,0,0
배칩,0,0,0,0,0,0
배농축,0,0,0,0,0,0
배농축과즙액,0,0,0,0,0,0
배과즙으로,0,0,0,0,0,0
배과즙농축액,0,0,0,0,0,0
배농출액,0,0,0,0,0,0
농축배쥬스,0,0,0,0,0,0
배착즙액,0,0,0,0,0,0
배즙,0,0,0,0,0,0
배음료,0,0,0,0,0,0
유기농배농축과즙,0,0,0,0,0,0
배향,0,0,0,0,0,0
배농축과즙,0,0,0,0,0,0
배쥬스농축액,0,0,0,0,0,0
자두과즙으로,0,0,0,0,0,0
자두맛,0,0,0,0,0,0
자두농축과즙,0,0,0,0,0,0
자두농축액,0,0,0,0,0,0
자두향,0,0,0,0,0,0
자두,0,0,0,0,0,0
자두농축과실즙,0,0,0,0,0,0
체리추출농축물분말,0,0,0,0,0,0
체리과즙농축액,0,0,0,0,0,0
체리레드,0,0,0,0,0,0
천연라즈베리체리향,0,0,0,0,0,0
건조체리,0,0,0,0,0,0
다크스위트체리농축분말,0,0,0,0,0,0
체리초코볼,0,0,0,0,0,0
디종체리스피릿,0,0,0,0,0,0
다크스위트체리베이스,0,0,0,0,0,0
체리농축액,0,0,0,0,0,0
체리맛,0,0,0,0,0,0
다크스위트체리농축과즙,0,0,0,0,0,0
마라시노레드체리,0,0,0,0,0,0
천연체리향,0,0,0,0,0,0
체리농축액분발,0,0,0,0,0,0
체리향,0,0,0,0,0,0
체리농축과즙,0,0,0,0,0,0
체리향분말,0,0,0,0,0,0
체리,0,0,0,0,0,0
체리농축퓨레,0,0,0,0,0,0
디중체리스피릿,0,0,0,0,0,0
체리향키베이스,0,0,0,0,0,0
다크스위트체리농축액,0,0,0,0,0,0
체리농축과실즙,0,0,0,0,0,0
체리시럽,0,0,0,0,0,0
체리너겟,0,0,0,0,0,0
딸기체리시럽,0,0,0,0,0,0
체리농축분말,0,0,0,0,0,0
자두과즙으로,0,0,0,0,0,0
자두맛,0,0,0,0,0,0
자두농축과즙,0,0,0,0,0,0
자두농축액,0,0,0,0,0,0
자두향,0,0,0,0,0,0
자두,0,0,0,0,0,0
자두농축과실즙,0,0,0,0,0,0
유기농보리쌀,0,0,0,0,0,0
보리혼합추출액,0,0,0,0,0,0
검정보리,0,0,0,0,0,0
보리가루,0,0,0,0,0,0
강황찰보리,0,0,0,0,0,0
보리풀,0,0,0,0,0,0
새싹보리,0,0,0,0,0,0
유기농보리추출액,0,0,0,0,0,0
볶음보리분,0,0,0,0,0,0
볶은보리분말,0,0,0,0,0,0
홍국찰보리,0,0,0,0,0,0
볶은겉보리,0,0,0,0,0,0
맥문동보리추출액배합성분비,0,0,0,0,0,0
무농약찰보리분말,0,0,0,0,0,0
통보리,0,0,0,0,0,0
검정보리쌀,0,0,0,0,0,0
발아겉보리,0,0,0,0,0,0
발아쌀보리,0,0,0,0,0,0
자수정찰보리쌀,0,0,0,0,0,0
볶음보리분말,0,0,0,0,0,0
유기농볶은보리,0,0,0,0,0,0
보리증류식소주원액,0,0,0,0,0,0
발아보리분말,0,0,0,0,0,0
구운보리새우우린육수,0,0,0,0,0,0
유기농보리가루,0,0,0,0,0,0
쌀보리분말,0,0,0,0,0,0
쌀보리,0,0,0,0,0,0
세이보리분말,0,0,0,0,0,0
볶은보리추출액,0,0,0,0,0,0
보리건빵,0,0,0,0,0,0
보리쌀,0,0,0,0,0,0
무농약새싹보리,0,0,0,0,0,0
검은콩보리밥,0,0,0,0,0,0
보리추출파우더,0,0,0,0,0,0
보리엿기름추출액,0,0,0,0,0,0
보리플레이크,0,0,0,0,0,0
찰보리가루,0,0,0,0,0,0
겉보리,0,0,0,0,0,0
보리분말,0,0,0,0,0,0
늘보리,0,0,0,0,0,0
유기농찰보리쌀,0,0,0,0,0,0
무농약보리분말,0,0,0,0,0,0
보리추출분말,0,0,0,0,0,0
보리추출액,0,0,0,0,0,0
검정콩보리밥,0,0,0,0,0,0
깨보리가루,0,0,0,0,0,0
압착보리,0,0,0,0,0,0
보리,0,0,0,0,0,0
로스트세이보리엑기스,0,0,0,0,0,0
찐보리,0,0,0,0,0,0
국산보리,0,0,0,0,0,0
보리당근농축액,0,0,0,0,0,0
무농약찰보리,0,0,0,0,0,0
동결건조보리분말,0,0,0,0,0,0
발아보리,0,0,0,0,0,0
겉보리엿기름,0,0,0,0,0,0
보리싹,0,0,0,0,0,0
무농약보리,0,0,0,0,0,0
보리엿기름,0,0,0,0,0,0
유기농보리현미추출액,0,0,0,0,0,0
보리농축액,0,0,0,0,0,0
보리증류식소주원맥,0,0,0,0,0,0
뮤슬리보리,0,0,0,0,0,0
찰보리,0,0,0,0,0,0
보리추출농축액,0,0,0,0,0,0
유기농보리,0,0,0,0,0,0
보리분,0,0,0,0,0,0
보리어린잎분말,0,0,0,0,0,0
보리맥아추출물,0,0,0,0,0,0
유기통찰보리쌀,0,0,0,0,0,0
유기농발아찰보리,0,0,0,0,0,0
통보리분말,0,0,0,0,0,0
조미보리멸,0,0,0,0,0,0
볶은보리,0,0,0,0,0,0
